shade_name,color_family,finish,L_star,a_star,b_star,hue_deg,saturation,brightness,wax_pct,emollient_oil_pct,mattifying_agent_pct,film_former_pct,pigment_pct,additives_pct
Crush,Pink,Glasting,54.95,22.46,11.57,27.25,37.9,53.26,2.28,65.6,0,28.2,2.09,1.83
Espresso Brick,Orange,Matte,52.51,27.15,26.65,44.47,57.07,50.5,14.95,60.83,6.37,3.26,12.46,2.13
Blush Rosewood,Brown,Glossy,52.62,22.13,19.19,40.93,43.94,48.66,2.09,79.47,0,13.03,3.87,1.54
Caramel Mousse,Nude,Glasting,62.76,7.02,21.4,71.84,33.78,58.64,1.4,62.14,0,30.36,4.27,1.83
Nude,Coral,Matte,65.56,38.89,38.14,44.44,81.71,63.66,14.36,62.81,6.83,5.42,8.03,2.55
Espresso Velvet,Nude,Glasting,63.3,12.18,19.61,58.16,34.63,60.85,1.68,60.12,0,33.66,2.54,2
Ruby,Berry,Glossy,31.25,35.23,8.82,14.06,54.48,32.6,2.28,76.84,0,15.08,3.39,2.41
Dusty Glow,Brown,Glossy,48.16,29.18,14.6,26.58,48.94,44.88,4.42,73.48,0,13.22,5.92,2.96
Sienna Jam,Pink,Matte,62.3,19.43,10.25,27.81,32.95,59.39,13.51,60.76,5.93,4.86,12.15,2.79
Peachy Mousse,Pink,Satin,54.86,36.51,10.95,16.69,57.18,50.43,9.81,75.72,1.56,4.8,6.18,1.93
Plum,Coral,Glossy,52.51,32.26,27.35,40.29,63.44,48.15,2.24,81.3,0,10.61,3.93,1.92
Velvet,Pink,Satin,58.99,35.69,10.36,16.19,55.74,53.9,10.04,74.8,1.05,4.73,7.48,1.9
Terracotta Souffle,Red,Glasting,44.16,49.18,23.57,25.61,81.8,42.45,2.87,60.23,0,30.87,4.27,1.76
Ruby Chiffon,Brown,Matte,42.49,23.39,24.09,45.84,50.37,42.53,14.92,62.18,4.57,5.97,9.9,2.46
Burgundy Mousse,Coral,Glossy,58.75,26.46,29.63,48.23,59.59,58.79,3.67,72.87,0,15.06,5.74,2.66
Sunset Nectar,Coral,Glossy,65.77,25.26,36.41,55.25,66.47,63.57,2.69,80.39,0,11.89,3.13,1.9
Espresso Jam,Nude,Glasting,62.76,8.82,10.21,49.18,20.24,56.64,1.42,58.3,0,33.01,5.3,1.97
Sangria Nectar,Mauve,Glasting,63.72,28.15,3.38,6.85,42.53,61.29,2.31,58.8,0,33.32,3.38,2.19
Crush Radiance,Pink,Glossy,52.75,33.25,9.01,15.16,51.67,51.78,2.79,77.96,0,13.37,3.99,1.89
Sunset Bare,Orange,Satin,59.82,27.57,29.26,46.7,60.3,59.74,9.84,72.94,1.85,4.77,7.6,3
Light Pink,Nude,Satin,70.29,17.31,9.2,27.99,29.4,66.69,9.54,76.81,0.64,4.38,6.19,2.44
Red Delight,Nude,Glasting,59.8,11.18,15.7,54.55,28.91,55.4,2.58,65.36,0,26.51,3.48,2.07
Silk Fudge,Brown,Matte,56.72,27.84,23.04,39.61,54.21,55.16,15.98,58.21,5.85,5.58,12.86,1.52
Blossom Spark,Pink,Matte,59.32,20.42,4.92,13.55,31.51,55.38,14.88,61.79,6.39,3.8,10.68,2.46
Glow,Red,Glossy,38.74,33.63,27.62,39.4,65.28,35.18,2.33,77.28,0,12.72,4.74,2.93
Maple,Mauve,Glasting,54.28,31.38,4.79,8.68,47.62,49.36,2.75,62.56,0,30,2.92,1.77
Velvet Bite,Terracotta,Glasting,54.12,28.73,15.05,27.65,48.65,49,2.83,61.27,0,28.39,5.05,2.46
Cinnamon Glaze,Coral,Glasting,59.47,41.77,35.47,40.34,82.2,59.4,2.22,60.84,0,32.1,2.53,2.31
Pink Silk,Nude,Glossy,62.75,16.2,11.48,35.32,29.78,57.75,4.34,78.55,0,10,5.12,1.99
Chestnut Blaze,Nude,Satin,61.9,8.25,20.93,68.49,33.75,58.46,7.58,72.15,1.89,6.91,9.51,1.96
Blush,Pink,Satin,67.99,34.72,14.6,22.81,56.5,67.15,7.73,74.13,1.82,4.3,9.79,2.23
Mahogany Kiss,Peach,Satin,70.63,7.14,8.03,48.36,16.12,66.44,7.78,74.86,1.64,4.45,9.06,2.21
Amber Pop,Pink,Matte,67.23,37.91,9.22,13.67,58.52,65.18,14.2,62.42,4.93,4.27,12.36,1.82
Burgundy,Nude,Glasting,71.56,12.53,15.59,51.21,30,69.47,2.08,63.79,0,27.61,4.55,1.97
Berry Silk,Nude,Glasting,65.04,16.09,10.2,32.37,28.58,64.55,2.99,60.96,0,29.5,4.27,2.28
Red Souffle,Peach,Glossy,71.18,12.41,16.1,52.37,30.49,64.86,2.36,79.33,0,12.03,3.9,2.38
Nude Divine,Nude,Glasting,65.91,9.11,11.65,51.98,22.18,63.63,1.46,66.75,0,26.57,2.77,2.45
Terracotta Mist,Orange,Matte,66.86,46.52,22.19,25.5,77.31,64.24,12.92,62.54,7.17,3.21,12.3,1.86
Latte,Peach,Glossy,71.07,16.45,20.31,50.99,39.2,66.73,4.01,78.44,0,10.79,3.86,2.9
Cappucino Truffle,Pink,Glossy,62.66,30.23,14.83,26.13,50.51,60.45,3.71,73.98,0,14.71,4.89,2.71
Caramel,Berry,Matte,41.94,40.78,-0.12,359.83,61.17,37.54,12.76,66.27,4.34,4.27,10.16,2.2
Pink,Pink,Glossy,55.07,22.21,6.46,16.22,34.7,53.44,4.19,72.57,0,15.9,5.69,1.65
Rust Radiance,Pink,Satin,66.3,34.92,3.2,5.24,52.6,62.53,9.11,73.77,1.01,4.87,9.45,1.79
Tomato,Orange,Matte,64.34,39.65,27.24,34.49,72.16,62.57,13.79,64.71,5.48,3.75,9.39,2.88
Blush Fudge,Berry,Satin,32.01,40.9,7.67,10.62,62.42,28.3,9.27,73.56,1.79,4.18,8.2,3
Maple Spark,Nude,Matte,60.07,6.66,12.32,61.61,21.01,59.46,15.34,57.34,7.39,5.55,12.63,1.75
Peachy Glow,Peach,Matte,65.84,16.37,21.63,52.88,40.69,64.04,13.94,66.05,4.75,3.18,10.01,2.07
Jazz,Peach,Satin,68.31,9.32,21.03,66.1,34.5,66.71,11.44,70.8,0.9,5.59,9.14,2.13
Wine,Red,Satin,48.39,34.49,32.44,43.25,71.02,48.12,11.33,70.22,1.99,6.51,8.22,1.73
Dusty Rosewood,Nude,Glossy,64.44,8.97,19.13,64.88,31.69,59.58,2.89,74.45,0,13.48,6.87,2.31
Peach Rosewood,Nude,Matte,61.9,5.9,18.83,72.6,29.6,57.91,14.99,62.6,4.2,4.51,10.92,2.78
Brick Breeze,Pink,Matte,65.19,24.62,2.36,5.48,37.1,64.19,12.63,65.66,7.36,3.56,8.4,2.39
Rust Mulberry,Terracotta,Glossy,57.7,15.65,21.55,54.01,39.95,53.89,4.03,78.47,0,10.72,3.94,2.84
Plum Fudge,Pink,Glasting,59.21,25.7,9.5,20.29,41.1,54.78,1.49,61.34,0,30.96,4.08,2.13
Toffee,Brown,Glossy,56.66,24.15,23.51,44.23,50.56,55.28,3.75,73.74,0,15.61,5.09,1.81
Sienna Rosewood,Pink,Glossy,51.26,31.28,6.29,11.37,47.86,47.58,4.15,77.02,0,12.37,3.95,2.51
Coral Mist,Terracotta,Glasting,52,20.55,23.16,48.42,46.44,49.73,1.6,61.67,0,32.01,3.11,1.61
Rose Divine,Coral,Glasting,58.07,42.21,25.48,31.12,73.96,55.58,1.92,57.01,0,33.97,5.49,1.61
Blossom Spell,Peach,Glossy,62.25,7.73,19,67.86,30.77,59.78,2.64,74.88,0,15.6,4.06,2.82
Plum Satin,Berry,Matte,42.16,32.22,9.11,15.79,50.22,42.81,15.52,62.34,5.29,5.5,8.79,2.56
Wine Mousse,Peach,Glasting,61.97,13.63,16.67,50.73,32.3,56.43,2.22,59.58,0,31.23,5.46,1.51
Bordeaux Souffle,Pink,Glossy,54.04,21.98,2.32,6.03,33.15,49.81,4.45,74.46,0,13.98,4.2,2.91
Mahogany Crush,Brown,Satin,55.95,24.79,23.49,43.46,51.23,52.46,8.04,77.01,0.67,5.94,6.43,1.91
Blossom,Peach,Glasting,67.63,16.6,20.05,50.38,39.05,66.56,2.21,63.2,0,27.63,4.51,2.45
Carnation,Nude,Matte,69.26,14.05,14.5,45.9,30.29,66.14,13.06,61.52,5.71,5.54,12.53,1.64
Coral,Pink,Glossy,58.36,28.62,9.27,17.95,45.13,54.35,3.27,79.94,0,10.02,4.11,2.66
Bordeaux Truffle,Nude,Satin,68.07,11.56,19.63,59.51,34.17,64.95,10.05,72.03,0.89,5.93,8.96,2.14
Cappucino Pout,Mauve,Satin,63.53,34.8,5.61,9.16,52.87,62.02,7.54,72.84,0.61,7.16,9.53,2.32
Crimson,Red,Matte,36.32,38.57,20.43,27.91,65.47,33.42,15.34,64.54,6.04,3.38,8.74,1.96
Espresso,Pink,Glasting,54.16,31.88,11.18,19.33,50.68,48.84,2.8,56.67,0,32.89,4.79,2.85
Mocha Charm,Mauve,Satin,57.48,22.14,7.46,18.62,35.04,57.04,8.34,74.82,0.87,6.73,6.41,2.83
Glow Bloom,Red,Satin,48.02,40.75,15.12,20.36,65.2,44.73,9.13,72.77,1.43,7.25,6.62,2.8
Bordeaux Temptation,Pink,Glossy,67.16,26.38,11.72,23.95,43.3,64.08,4.93,72,0,15.29,6.24,1.54
Silk Chiffon,Coral,Matte,56.37,36.17,29.78,39.47,70.28,54.56,14.95,59.03,5.16,5.41,12.65,2.8
Blossom Mousse,Nude,Satin,70.87,17.75,15.48,41.09,35.33,69.77,10.74,72.02,0.9,4.38,9.15,2.81
Glow Bite,Terracotta,Glossy,41.51,22.29,25.87,49.25,51.22,37.52,4.58,74.44,0,14.9,3.89,2.19
Rust Temptation,Nude,Satin,64.37,9.39,20.31,65.19,33.56,59.82,8.72,76.81,1.69,4.08,6.91,1.79
Mocha Nectar,Plum,Glossy,38.47,36.98,-1.27,358.03,55.5,39.26,2.98,72.84,0,15.8,6.46,1.92
Dusty Crush,Orange,Glasting,62.43,42.35,40.99,44.07,88.41,57.5,2.28,58.17,0,33.85,3.4,2.3
Peach,Brown,Matte,48.52,16.94,27.16,58.05,48.01,45.88,15.76,60.51,4.4,3.54,12.85,2.94
Rust,Pink,Matte,60.93,32.96,3.49,6.04,49.72,59.8,13.06,65.23,4.38,5.19,10.17,1.97
Light Pink Glow,Coral,Matte,66.86,38.24,40.16,46.4,83.18,62.77,14.42,63.25,5.79,4.73,9.93,1.88
Honey,Nude,Glasting,68.81,16.05,16.41,45.64,34.43,63.1,2.42,59.86,0,33.4,2.01,2.31
Velvet Dusk,Pink,Glossy,57.71,25.41,8.58,18.66,40.23,53.87,4.16,73.8,0,14.02,5.97,2.05
Mocha,Nude,Matte,71.45,13.26,19.6,55.92,35.5,69.12,12.28,65.04,6.32,3.94,9.65,2.77
Cinnamon Mulberry,Orange,Glossy,67.45,31.21,38.16,50.72,73.95,64.31,4.16,77.67,0,11.86,4.2,2.11
Mahogany Satin,Red,Glossy,47.43,38.17,32.03,40,74.74,47.04,3.21,79.72,0,10.76,4.18,2.13
Nude Jam,Coral,Glossy,55.9,35.69,34.21,43.79,74.16,52.38,4.82,71.63,0,15.42,5.71,2.42
Peach Dream,Orange,Satin,54.91,29.88,37.96,51.79,72.46,51.21,8.7,76.84,1.32,5,6,2.14
Silk Jam,Terracotta,Glossy,49.3,18.25,15.86,40.99,36.27,46.27,3.74,75.69,0,12.79,5.62,2.16
Blush Souffle,Pink,Glossy,61.63,27.82,12.31,23.87,45.63,56.11,2.64,74.37,0,15.41,4.89,2.69
Dusty Breeze,Terracotta,Glasting,45.51,24.89,19.57,38.18,47.49,43.42,1.34,63.79,0,30.12,2.3,2.45
Cinnamon Spell,Brown,Matte,52.65,19.61,16.02,39.25,37.98,47.74,13.34,61.18,6.86,5.02,11.76,1.84
Rose,Peach,Matte,65.5,14.91,10.59,35.38,27.43,60.52,12.8,66.69,4.09,4.43,9.22,2.77
Mahogany Jam,Red,Glossy,51.6,44.07,20.66,25.12,73.01,46.62,2.22,77.55,0,13.78,4.66,1.79
Berry,Nude,Glasting,71.22,13.29,18.54,54.37,34.22,65.27,2.39,63.45,0,27.95,3.73,2.48
Mahogany Truffle,Terracotta,Matte,57.38,19.29,25.79,53.2,48.31,52.2,12.02,64.04,6.63,3.32,11.85,2.14
Red Breeze,Pink,Satin,60.39,31.73,3.97,7.13,47.97,59.24,8.2,75.74,1.94,4.18,8.07,1.87
Light Pink Brick,Orange,Glasting,53.9,42.58,34.13,38.71,81.86,52.95,2.7,58.79,0,32.41,3.6,2.5
Dusty Aura,Berry,Glasting,46.35,27.95,6.24,12.59,42.96,43.61,2.98,56.5,0,33.6,4.08,2.84
Velvet Silk,Coral,Glossy,63.84,46.79,26.16,29.21,80.41,58.91,3.84,74.5,0,13.03,5.88,2.75
Sienna,Brown,Glasting,43.13,16.28,12.04,36.49,30.37,40.68,2.1,58.6,0,31.95,5.14,2.21
Silk,Coral,Glossy,55.7,41.26,36.06,41.15,82.2,52.64,2.78,76.75,0,13.83,3.99,2.65
Maroon Chiffon,Nude,Matte,69.03,13.13,17.26,52.74,32.53,68.18,14.09,65.19,6.19,3.23,9.37,1.93
Cinnamon Velvet,Nude,Glossy,67.07,16.81,19.57,49.34,38.7,61.14,2.82,77.95,0,13.24,4.28,1.71
Cappucino Mist,Red,Matte,49.01,53.19,23.78,24.09,87.4,46.37,12.93,63.81,6.43,3.19,11.53,2.11
Light Pink Breeze,Coral,Glossy,60.01,36.36,23.61,33,65.03,54.25,3.63,78.34,0,11.24,4.66,2.13
Cinnamon Cloud,Orange,Glossy,52.41,30.27,35.49,49.54,69.97,51.95,4.71,72.99,0,14.17,5.34,2.79
Maroon Jam,Pink,Matte,63.74,21.5,8.75,22.15,34.82,60.21,15.06,64.89,5.33,4.06,8.03,2.63
Tomato Mulberry,Coral,Glasting,58.97,43.73,41.38,43.42,90.31,55.84,2.71,59.98,0,29.35,5.34,2.62
Pink Mousse,Coral,Matte,63.1,31.63,40.9,52.28,77.56,61.83,14.18,64.8,6.11,3.66,9.1,2.15
Blush Dusk,Nude,Satin,62.4,9.2,21.58,66.91,35.19,58.71,7.62,75.49,1,5.42,8.72,1.75
Brick Bare,Brown,Glossy,49.77,22.03,15,34.25,39.98,46.45,3.4,77.82,0,13.73,3.51,1.54
Bordeaux Dream,Plum,Satin,43.68,26.07,5.69,12.31,40.03,44.06,9.08,75.51,1.35,6.25,6.11,1.7
Chestnut,Berry,Matte,47.52,34.18,1.35,2.26,51.31,43.09,13.85,66.45,4.18,3.63,9.9,1.99
Blush Bare,Peach,Matte,59.3,17.9,20.78,49.26,41.14,56.1,15.04,60.49,5.33,5.5,11.76,1.88
Coral Wood,Coral,Satin,63.47,36.7,27.47,36.81,68.76,62.3,7.83,73.96,0.53,7.5,8.16,2.02
Mahogany Souffle,Brown,Matte,42.6,18.24,21.59,49.81,42.4,41.95,14.6,59.23,6.73,5.26,11.26,2.92
Terracotta,Pink,Glossy,64.22,26.3,14.15,28.28,44.8,61.06,2.6,81.72,0,10.91,3.08,1.69
Caramel Pop,Coral,Glossy,65.4,38.34,35.2,42.56,78.07,64.32,4.01,76.87,0,11.31,5.26,2.55
Chestnut Delight,Mauve,Glasting,55.98,33.26,6.9,11.72,50.95,55.78,2.53,61.4,0,30.86,2.59,2.62
Rose Souffle,Terracotta,Satin,44.2,28.18,12.7,24.26,46.36,43.46,7.96,74.53,1.73,4.38,9.86,1.54
Toffee Temptation,Nude,Glasting,67.29,15.67,21.73,54.2,40.19,63.9,1.62,58.25,0,33.67,4.37,2.09
Maple Blaze,Pink,Glasting,60.62,35.39,13.36,20.68,56.74,57.23,2.43,61.34,0,31.52,2.27,2.44
Sunset,Mauve,Glasting,52.59,35.42,14.61,22.42,57.47,47.41,1.2,58.9,0,32.8,4.7,2.4
Rust Charm,Pink,Satin,57.15,19.61,6.27,17.73,30.88,55.34,7.98,73.55,1.98,5.22,9.13,2.14
Espresso Temptation,Berry,Satin,41.28,39.75,4.83,6.93,60.06,39.46,8.98,72.7,1.26,6.97,7.36,2.73
Dusk,Brown,Matte,52.32,19.89,15.64,38.18,37.95,47.25,12.42,60.99,7.36,5.49,11.18,2.56
Pink Glow,Terracotta,Matte,52.49,30.36,12.74,22.76,49.39,51.64,13.74,60.34,6.57,3.81,12.83,2.71
Deep Berry Glaze,Coral,Glossy,54.33,37.22,33.32,41.84,74.93,53.37,3.61,76.25,0,12.61,4.93,2.6
Cappucino,Coral,Glasting,65.93,39.25,26.82,34.35,71.31,65.11,1.54,59.2,0,32.65,4.98,1.63
Burgundy Chiffon,Nude,Matte,61.56,8.32,8.13,44.34,17.45,60.31,15.53,62.4,4.85,4.83,10.32,2.07
Deep Berry,Berry,Matte,37.95,28.91,6.23,12.16,44.36,36.89,12.11,65.66,6.98,3.64,8.91,2.7
Cinnamon Nectar,Orange,Matte,56.83,47.99,39.07,39.15,92.82,51.63,13.36,62.7,7.08,3.83,11.51,1.52
Orange Bite,Pink,Satin,55.33,31.99,2.29,4.09,48.11,54.54,11.29,70.85,0.63,5.71,8.88,2.64
Maroon Silk,Peach,Glasting,68.43,15.83,20.64,52.51,39.02,66.66,2.38,60.74,0,29.93,4.26,2.69
Dusty,Berry,Glasting,33.42,27.01,8.58,17.62,42.51,33.35,1.19,62.54,0,31.53,2.78,1.96
Maroon Blaze,Red,Matte,50.36,46.87,21.18,24.32,77.15,47.49,14.33,62.46,5.66,4.28,10.65,2.62
Glow Spark,Peach,Matte,59.26,8.84,18.46,64.41,30.7,54.35,13.32,65.44,6.46,3.75,9.35,1.68
Terracotta Delight,Orange,Glasting,57.85,36.54,27.45,36.92,68.55,52.94,1.39,63.26,0,30.29,2.42,2.64
Mahogany Pop,Berry,Satin,36.1,24.3,11.48,25.29,40.31,32.14,8.24,73.5,0.82,6.54,7.94,2.96
Coral Satin,Pink,Glossy,63.48,23.24,6.95,16.65,36.39,61.14,3.57,79.91,0,10.6,4.13,1.79
Ruby Glow,Coral,Glossy,59.54,39.25,40.86,46.15,84.99,55.53,2.68,81.22,0,10.08,3.72,2.3
Dusk Chiffon,Red,Matte,45.8,42.68,29.02,34.21,77.42,44.41,13.1,61.94,7.41,5.09,10.77,1.69
Maple Mist,Pink,Matte,52.09,22.7,8.99,21.61,36.62,48.82,15.47,59.53,5.72,4.72,12.36,2.2
Ruby Delight,Nude,Glossy,68.39,7.01,13.81,63.09,23.23,62.56,3.32,79.72,0,10.31,3.74,2.91
Crimson Divine,Peach,Satin,61.92,13.97,11.04,38.32,26.71,58.49,9.41,74.56,1.73,4.26,7.6,2.44
Peachy,Nude,Matte,67.6,12.08,21.69,60.88,37.24,63.37,12.21,65.56,4.52,3.91,10.81,2.99
Roast Souffle,Peach,Glossy,69.02,7.67,19.62,68.65,31.6,65.89,2.36,75.25,0,13.64,6.06,2.69
Glow Kiss,Coral,Glossy,55.73,42.81,37.77,41.42,85.64,53.52,2.68,77.37,0,12.7,5.09,2.16
Tomato Wood,Nude,Matte,65.56,15.38,9.54,31.81,27.15,64.48,15.44,60.29,7.47,4.86,9.53,2.41
Terracotta Bare,Red,Matte,48.4,45.54,15.32,18.59,72.07,44.57,14.96,62.56,7.32,3.63,9.04,2.49
Terracotta Divine,Orange,Glasting,63.93,35.95,37.56,46.25,77.99,60.81,1.31,67.98,0,26.6,2.61,1.5
Pink Truffle,Red,Satin,51.07,33,30.66,42.89,67.57,50.72,9.3,74.77,1.39,4.81,7.17,2.56
Sunset Mist,Peach,Satin,71.5,5.79,14.71,68.51,23.71,67.33,10.31,69.85,1.18,7.23,8.75,2.68
Maroon Glow,Pink,Glossy,66.37,19.47,3.05,8.9,29.56,63.7,3.88,72.74,0,15.6,5.64,2.14
Red,Nude,Glasting,66.86,12.13,12.55,45.97,26.18,66.48,2.09,57.63,0,33.27,4.27,2.74
Sunset Pop,Berry,Matte,40.9,23.98,7.82,18.06,37.83,40.97,12.29,65.99,4.58,5.25,9.54,2.35
Pecan Spell,Pink,Glossy,53.87,27.03,4.97,10.42,41.22,50.21,2.87,76.95,0,14.13,3.5,2.55
Amber Breeze,Brown,Satin,41.71,22.25,22.64,45.5,47.61,38.87,11.27,73.66,1.25,4.28,7.98,1.56
Nude Brick,Red,Matte,47.66,40.57,17.6,23.45,66.33,42.64,13.73,65.68,5.13,3.27,9.25,2.94
Blush Spell,Coral,Satin,53.96,33.13,35.31,46.82,72.63,52.76,10.84,67.99,1.36,7.5,9.8,2.51
Sangria Silk,Mauve,Matte,60.81,25.03,9.51,20.8,40.16,56.05,13.08,64.11,4.14,4.41,11.78,2.48
Pink Glaze,Red,Matte,41.25,49.54,26.48,28.13,84.26,41.03,15.66,61.63,4.64,4.9,10.93,2.24
Tomato Mist,Pink,Glossy,56.32,21.63,3.86,10.12,32.96,54.45,2.27,78.83,0,12,4.39,2.51
Red Wood,Pink,Glasting,67.49,19.84,8.9,24.16,32.62,63.37,2.72,60.65,0,31.55,3.15,1.93
Amber,Nude,Glossy,62.36,9.22,21.18,66.48,34.65,59.82,4.84,73.43,0,13.3,6.25,2.18
Dusk Silk,Nude,Glossy,61.81,13.61,14.8,47.4,30.16,58.37,2.94,74.84,0,15.82,4.29,2.11
Tomato Kiss,Berry,Matte,32.05,30.6,1.97,3.68,46,31.52,14.06,60.44,7.46,4.63,11.29,2.12
Crimson Aura,Red,Glossy,35.77,41.09,26.99,33.3,73.74,31.03,2.56,76.01,0,14.54,4.45,2.44
Light Pink Kiss,Red,Satin,47.99,38.66,17.4,24.23,63.59,45.57,10.54,71.04,0.81,7.25,8.2,2.16
Cinnamon,Brown,Satin,49.59,18.91,20.94,47.92,42.32,48.12,10.29,71.15,0.68,6.13,9.89,1.86
Milk Tea Crush,Pink,Matte,63.36,26.72,7.98,16.63,41.83,57.66,12.63,64.41,5.93,3.28,10.76,2.99
Plum Bite,Coral,Glossy,58.47,39.72,27.79,34.98,72.71,54.98,4.74,76.96,0,10.7,4.85,2.75
Plum Mousse,Pink,Matte,61.13,34.64,13.96,21.95,56.02,55.6,13.99,62.39,6.51,3.82,10.54,2.75
Pink Souffle,Red,Glasting,41.81,33.81,32.41,43.79,70.25,41.19,2.96,61.7,0,30.41,2.85,2.08
Dusty Charm,Coral,Glossy,53.22,39.56,32.61,39.5,76.9,48.72,4.77,72.12,0,15.28,5.03,2.8
Carnation Glaze,Nude,Matte,71.42,13.39,10.07,36.95,25.13,65.47,13.1,62,6.77,5.8,10.07,2.26
Carnation Dream,Nude,Matte,65.89,12.53,17.54,54.46,32.33,64.89,15.28,62.48,4.99,4.76,9.49,3
Pecan Cloud,Mauve,Matte,61.29,21.02,2.89,7.83,31.83,57.88,13.96,64.46,4.52,4.04,10.69,2.33
Light Pink Jam,Pink,Matte,56.33,19.48,8,22.33,31.59,50.74,14.17,64.51,5.59,3.57,9.61,2.55
Nude Radiance,Red,Matte,44.87,53.95,29.78,28.9,92.44,39.87,14.29,63.26,4.82,3.13,11.88,2.62
Velvet Rosewood,Mauve,Satin,58.56,21.02,2.8,7.59,31.81,53.25,10.32,71.37,1.72,6.32,7.54,2.73
Roast Brick,Mauve,Glasting,53.11,22.95,7.69,18.52,36.31,50.09,2.96,64.76,0,26.3,3.73,2.25
Sunset Mousse,Brown,Glossy,56.52,21.59,24.39,48.48,48.86,54.77,3.77,72.34,0,15.25,6.48,2.16
Pink Spell,Nude,Glossy,61.98,14.41,17.19,50.03,33.65,61.32,3.58,75.15,0,14.33,4.83,2.11
Sienna Wood,Nude,Matte,62.34,13.53,17.27,51.92,32.91,57,14.62,62.57,4.54,5.91,10.35,2.01
Toffee Brick,Nude,Satin,63.27,15.29,19.38,51.73,37.03,61.13,10.27,69.08,1.47,6.98,9.41,2.79
Sienna Fudge,Berry,Glossy,30.33,28.18,11.32,21.89,45.55,27.86,3.14,75.64,0,14.31,4.27,2.64
Pink Radiance,Peach,Satin,69.69,16.49,8.53,27.35,27.85,65.23,10.99,73.1,0.55,6.21,6.27,2.88
Carnation Blaze,Nude,Matte,60.16,7.35,17.7,67.45,28.75,57.9,15.99,61.48,6.61,3.3,10.17,2.45
Ruby Souffle,Coral,Glasting,61.77,42.3,37.68,41.69,84.97,57.09,2.75,59.29,0,31.55,3.55,2.86
Peachy Mist,Orange,Glasting,64.55,45.79,25.88,29.47,78.9,62.39,1.09,63.71,0,28.35,4.79,2.06
Velvet Truffle,Pink,Glossy,55.07,25.64,8.86,19.06,40.69,55.11,2.44,76.35,0,13.4,5.12,2.69
Rose Blaze,Peach,Glasting,58.73,11.25,13.2,49.56,26.02,58.4,1.34,60.98,0,32.97,2.28,2.43
Toffee Aura,Plum,Satin,35.13,37.26,1.82,2.8,55.96,35.81,8.46,75.61,1.87,5.61,6.57,1.88
Dusty Truffle,Pink,Glasting,66.75,26.3,7.15,15.21,40.88,62.66,1.51,61.17,0,32.44,2.03,2.85
Orange Brick,Pink,Glasting,50.51,36.62,12.91,19.42,58.24,48.88,2.36,63.54,0,29.53,2.55,2.02
Mahogany Blaze,Berry,Satin,38.44,34.31,10.68,17.29,53.9,33.63,9.85,73.34,1.46,4.88,7.7,2.77
Latte Wood,Peach,Glasting,68.18,11.86,9.56,38.87,22.85,63.5,1.4,63.52,0,29.87,3.35,1.86
Brick,Nude,Glasting,60.01,10.58,16.61,57.5,29.54,55.45,2.14,57.97,0,33.94,4.01,1.94
Mocha Mulberry,Red,Glasting,36.46,54.42,16.35,16.72,85.23,34.79,2.96,62.19,0,28.2,4.3,2.35
Brick Radiance,Pink,Glasting,57.03,27.4,10.26,20.53,43.89,57.06,2.37,64.22,0,26.39,4.61,2.41
Rust Bloom,Pink,Glossy,51.22,22.82,10.54,24.79,37.7,46.28,3.49,75.47,0,11.72,6.62,2.7
Milk Tea Delight,Terracotta,Glossy,51.57,29.12,22.95,38.24,55.61,51.88,3.82,75.52,0,13.82,4.41,2.43
Mahogany Mulberry,Pink,Glasting,51.14,33.52,7.95,13.34,51.67,47.34,2.36,59.09,0,31.27,4.52,2.76
Maple Rosewood,Mauve,Matte,55.68,24.2,7.18,16.53,37.86,54.79,14.51,61.01,7.16,3.93,11.23,2.16
Mahogany,Coral,Satin,62.35,31.58,39.24,51.17,75.55,56.52,9.82,74.57,1.6,5.03,6.36,2.62
Pecan,Pink,Satin,64.39,26.74,7.2,15.07,41.54,60.81,8.2,73.24,0.7,7.4,8.16,2.3
Orange Charm,Orange,Glasting,59.94,36.44,40.49,48.01,81.71,57.06,2.83,61.46,0,28.06,4.91,2.74
Silk Mulberry,Peach,Glasting,62.5,6.04,17.25,70.7,27.42,58.21,1.96,59.24,0,31.97,4.82,2.01
Chestnut Glaze,Nude,Satin,68.18,16.85,16.61,44.59,35.49,64.38,7.96,73.37,1.94,7.38,6.56,2.79
Crush Breeze,Nude,Matte,69.22,13.83,21.34,57.05,38.14,63.62,14.9,57.37,7.43,5.41,12.84,2.05
Ruby Spark,Pink,Glasting,60.21,30.1,10.83,19.79,47.98,59.89,2.58,62.9,0,30.29,2.05,2.18
Ruby Truffle,Pink,Glossy,60.33,28.59,7.17,14.08,44.21,58.21,4.02,74.05,0,13.51,5.69,2.73
Jazz Dream,Nude,Glasting,70.79,6.53,18.85,70.89,29.92,68.47,2.88,65.33,0,27.87,2.38,1.54
Latte Pop,Coral,Glossy,67.98,29.6,24.71,39.86,57.84,62.03,4.65,72.78,0,15.49,5.25,1.83
Jazz Truffle,Nude,Matte,69.35,17.58,21.81,51.13,42.02,66.89,12.25,62.3,6.88,3.91,12.55,2.11
Toffee Crush,Nude,Glasting,62.07,8.9,10.21,48.92,20.32,60.22,1.28,62.74,0,28.43,5.31,2.24
Honey Mulberry,Orange,Glossy,60.14,27.79,26.02,43.12,57.1,54.97,2.29,78.17,0,10.81,6.55,2.18
Crimson Bloom,Nude,Glasting,66.01,11.08,21.76,63.02,36.63,60.49,2.34,57.36,0,33.57,4.6,2.13
Nude Crush,Pink,Satin,67.99,32.38,8.83,15.25,50.34,66.21,10.47,74.56,0.73,4.35,7.66,2.23
Plum Crush,Peach,Glasting,67.52,9.48,20.29,64.96,33.59,65.83,1.82,64.53,0,26.26,5.33,2.06
Crush Mulberry,Plum,Glasting,32.32,32.06,10.15,17.57,50.44,32.69,1.89,58.29,0,32.84,5.33,1.65
Sunset Wood,Pink,Glossy,52.92,36.69,4.93,7.65,55.53,52.96,4.06,72.85,0,15.87,5.18,2.04
Rust Rosewood,Peach,Matte,65.71,6.63,12.24,61.56,20.88,62.63,13.59,65.42,4.66,5.54,8.61,2.18
Brick Mousse,Pink,Glasting,60.45,21.42,10.12,25.29,35.54,59.84,2.33,61.11,0,30.78,4.25,1.53
Roast,Nude,Satin,70.09,6.06,21.28,74.1,33.19,68.21,10.65,74.4,0.87,5.98,6.5,1.6
Rust Kiss,Nude,Satin,63.83,13.31,14.97,48.36,30.05,61.4,10.56,72.74,0.81,7.04,6.86,1.99
Deep Berry Mist,Nude,Glossy,69.27,13.9,12.16,41.18,27.7,63.24,2.44,78.15,0,10.02,6.6,2.79
Berry Mousse,Nude,Matte,64.78,7.65,16.49,65.11,27.27,60.42,12.58,67.71,4.45,3.52,9.25,2.49
Toffee Cloud,Orange,Matte,65.77,47.43,24.62,27.43,80.16,61.7,12.1,66.2,4.05,3.71,11.95,1.99
Blush Glow,Mauve,Satin,58.4,23.35,5.22,12.6,35.89,53.06,8.2,73.79,0.58,5.84,8.97,2.62
Deep Berry Temptation,Pink,Glasting,57.53,37.25,13.73,20.23,59.55,56.53,1.95,61.56,0,30.11,4.72,1.66
Cappucino Dream,Brown,Glasting,48.4,29.94,19.96,33.69,53.98,43.52,2.01,63.66,0,26.35,5.31,2.67
Blossom Radiance,Nude,Glasting,61.37,12.58,8.68,34.61,22.93,56.99,2.73,60.83,0,29.66,3.83,2.95
Caramel Glow,Nude,Glasting,70.35,14.46,18.69,52.27,35.45,66.03,1.12,63.46,0,29.21,3.68,2.53
Blossom Silk,Red,Glasting,38.31,44.72,16.47,20.22,71.48,36.42,1.98,64.63,0,26.59,5.18,1.62
Bordeaux,Nude,Matte,71.85,13.85,9.66,34.89,25.33,71.11,14.43,64.74,4.23,4.9,9.38,2.32
Roast Spell,Mauve,Matte,63.59,21.98,8.62,21.41,35.41,60.41,13.3,61.8,7.48,4.36,10.65,2.41
Roast Pout,Coral,Matte,54.38,45.54,24.8,28.57,77.78,54.25,12.4,61.28,6.46,4.95,12.26,2.65
Dusk Mist,Red,Matte,43.62,43.72,24.8,29.56,75.4,41.82,14.88,64.41,4.75,3.69,10.26,2.01
Mahogany Bloom,Coral,Glasting,62.78,47.54,33.67,35.31,87.38,61.42,1.91,65.73,0,26.76,3.46,2.14
Sangria Bloom,Nude,Satin,61.72,13.52,21.61,57.97,38.24,59.1,10.16,73.34,1.06,7.23,6.61,1.6
Dusty Silk,Mauve,Glasting,53.07,30.58,10.06,18.21,48.29,52.46,2.66,65.63,0,26.77,2.33,2.61
Chestnut Cloud,Red,Matte,42.02,36.69,25.04,34.31,66.63,40.59,15.25,61.2,5.95,4.68,10.93,1.99
Mahogany Silk,Pink,Glossy,59.34,29.22,14.98,27.14,49.25,56.24,2.37,76.6,0,13.99,4.41,2.63
Orange Cloud,Red,Satin,42.81,44.26,25.93,30.36,76.94,41.72,10.97,69.45,1.58,6.1,9.87,2.03
Light Pink Chiffon,Coral,Glossy,67.72,42.74,36.1,40.19,83.92,65.48,3.73,76.64,0,13.94,3.85,1.84
Crimson Cloud,Plum,Glasting,40.09,40.69,8.1,11.26,62.23,36.81,1.22,62.24,0,28.94,4.96,2.64
Velvet Delight,Orange,Matte,67.68,43.82,41.09,43.16,90.11,66.12,14.3,57.99,6.83,5.92,12.23,2.73
Chestnut Nectar,Pink,Glasting,53.85,34.56,5.52,9.07,52.5,51.53,2.23,64.42,0,26.21,4.25,2.89
Blush Mousse,Orange,Glossy,66.96,45.2,31.55,34.92,82.68,61.81,4.49,77.81,0,11.08,4.07,2.55
Berry Brick,Terracotta,Glasting,44.18,27.56,25.61,42.9,56.43,39.19,1.62,66.34,0,26.05,3.19,2.8
Jazz Divine,Mauve,Matte,53.16,36.39,14.96,22.35,59.02,49.88,14.27,65.17,5.4,4.9,8.71,1.55
Crimson Mulberry,Coral,Satin,67.39,46.3,39.53,40.49,91.32,61.08,10.48,73.77,0.82,5.19,7.68,2.06
Velvet Glow,Terracotta,Glasting,46.03,22.72,22.26,44.41,47.71,43.87,2.44,60.67,0,30.54,4.72,1.63
Terracotta Radiance,Nude,Glossy,60.7,6.46,10.27,57.83,18.2,57.42,2.16,77.99,0,13.71,3.63,2.51
Roast Pop,Pink,Glasting,63.63,21.51,13.13,31.4,37.8,62.83,1.54,62.09,0,29.89,4.32,2.16
Cinnamon Radiance,Plum,Glossy,37.21,23.91,11.74,26.15,39.96,35.21,2.82,78.34,0,10.68,6.02,2.14
Peachy Truffle,Coral,Satin,67.26,31.94,36.46,48.78,72.71,60.97,8.63,74,1.52,6.33,7.95,1.57
Pecan Spark,Mauve,Glasting,51.12,20.36,5.99,16.39,31.83,48,1.79,66.1,0,26.06,4.1,1.95
Brick Mist,Berry,Satin,41.5,40.81,3.15,4.41,61.4,37.75,8.34,77.27,0.71,5.15,7.02,1.51
Wine Spark,Pink,Satin,59.89,27.42,8.99,18.15,43.28,57.88,10.49,72.52,0.76,6.46,7.52,2.25
Latte Souffle,Nude,Glasting,66.34,15.24,15.36,45.22,32.46,63.19,2.67,63.14,0,26.58,4.82,2.79
Ruby Crush,Peach,Glasting,59.57,15.77,20.64,52.62,38.96,54.8,1.08,60.69,0,33.37,2.07,2.79
Brick Truffle,Plum,Matte,38.16,32.26,4.4,7.77,48.84,33.6,14.3,62.22,6.01,4.25,11.55,1.67
Amber Mist,Peach,Glasting,63.54,15.61,18.44,49.75,36.24,60.83,1.04,60.98,0,32.41,3.14,2.43
Maple Fudge,Berry,Glossy,31.15,41.88,11.08,14.82,64.98,27.01,4.5,75.52,0,10.53,6.68,2.77
Jazz Blaze,Red,Glossy,51.63,46.86,23.41,26.55,78.57,52.01,2.73,76.68,0,13.14,5.36,2.09
Orange Truffle,Mauve,Matte,66.32,25.51,10.88,23.1,41.6,63.97,13.24,66.13,5.19,3.5,9.67,2.27
Espresso Blaze,Brown,Matte,46.26,18.03,20.6,48.81,41.06,44.12,12.46,62.59,5.78,4.05,12.53,2.59
Sangria Chiffon,Coral,Satin,64.1,47.51,31.26,33.34,85.31,62.21,10.78,74.24,1.72,4.51,6.95,1.8
Cinnamon Delight,Nude,Matte,61.22,10.99,10.17,42.78,22.46,56.29,14.41,61.46,6.66,3.53,11.28,2.66
Sangria,Red,Glasting,46.22,46.14,33.72,36.16,85.72,46.24,1.99,59.12,0,32.08,4.64,2.17
Silk Dusk,Red,Glasting,46.42,52.06,19.89,20.91,83.6,41.36,2.85,59.65,0,31.08,3.98,2.44
Chestnut Chiffon,Red,Matte,47.82,49.85,17.8,19.65,79.4,48.39,15.46,64.23,6.2,3.2,8.75,2.16
Dusty Bite,Berry,Satin,40.76,35.45,2.49,4.02,53.31,37.53,8.71,76.41,0.91,5.78,6.22,1.97
Glow Mulberry,Nude,Glossy,63.98,11.44,21.61,62.1,36.68,63.43,3.36,76.8,0,14.99,3.23,1.62
Sienna Temptation,Peach,Matte,62.46,10.41,10.09,44.11,21.75,58.6,15.46,59.76,6.99,4.52,11.08,2.19
Bordeaux Delight,Orange,Glossy,65.59,31.92,36.15,48.56,72.34,64.15,3.66,72.62,0,15.38,6.17,2.17
Berry Spell,Nude,Glossy,63.83,11.89,13.44,48.5,26.92,59.17,4.43,75.82,0,11.93,5.61,2.21
Ruby Brick,Pink,Matte,64.93,19.03,6.9,19.93,30.36,62.31,12.6,66.94,4.22,5.7,8.52,2.02
Latte Charm,Pink,Satin,66.36,22.24,4.47,11.36,34.03,64.49,10.36,74.66,1.26,4.87,6.69,2.16
Wine Pout,Terracotta,Satin,52.52,26.96,18.35,34.24,48.92,48.33,9.26,75.61,1.28,5.3,6.63,1.92
Plum Pop,Red,Glasting,44.07,40.26,20.23,26.68,67.59,41.94,1.82,61.54,0,30.78,3.18,2.68
Sangria Pout,Pink,Matte,55.76,22.06,6.07,15.38,34.32,50.25,14.59,65.74,4.23,5.04,8.47,1.93
Velvet Souffle,Berry,Glasting,41.78,35.7,1.6,2.57,53.6,41.62,2.45,57.19,0,33.25,4.3,2.81
Sangria Dream,Nude,Glasting,68.26,9.58,9.96,46.11,20.73,65.13,1.67,65.14,0,27.13,4.04,2.02
Jazz Delight,Red,Satin,51.27,44.05,31.78,35.81,81.48,46.15,11.37,70.52,1.55,6.08,7.57,2.91
Sienna Silk,Red,Glasting,42.01,51.38,19.63,20.91,82.5,41.15,1.62,60.01,0,32.33,3.32,2.72
Caramel Kiss,Red,Satin,41.34,46.21,28.34,31.52,81.31,39.97,10.18,70.43,1.74,6.4,8.96,2.29
Espresso Spell,Coral,Glossy,52.27,41.61,32.71,38.17,79.39,48.38,3.94,77.16,0,12.17,4.69,2.04
Brick Fudge,Nude,Glossy,70.74,6.39,9.35,55.65,16.99,65.1,2.54,75.68,0,15.69,3.86,2.23
Milk Tea Jam,Nude,Glossy,59.11,17.47,14.43,39.56,33.99,54.61,2.68,80.54,0,10.46,3.55,2.77
Orange Temptation,Nude,Matte,58.79,5.12,10.4,63.79,17.39,55.85,12.4,61.51,6.7,5.65,12.18,1.56
Cinnamon Charm,Brown,Satin,55.44,16.62,20.45,50.9,39.53,49.92,8.85,75.92,1.65,5.32,6.52,1.74
Latte Bite,Berry,Satin,30.84,23.49,10.96,25.01,38.88,31.69,10.83,71.53,1.66,4.58,9.24,2.16
Plum Bloom,Coral,Glossy,61.39,42.3,36.25,40.6,83.56,57.71,3.23,77.46,0,11.43,5.71,2.17
Peachy Bite,Brown,Glossy,47,30.24,17.31,29.79,52.27,46.18,2.85,76.17,0,12.69,5.99,2.3
Terracotta Brick,Brown,Satin,57.54,15.91,18.99,50.04,37.16,56.7,8.74,72.7,1.71,6.92,7.88,2.05
Roast Breeze,Brown,Glossy,45.87,25.78,24.54,43.59,53.39,43.28,4.84,73.53,0,12.77,6.94,1.92
Dusty Glaze,Nude,Satin,63.26,7.41,16.2,65.42,26.72,59.38,9.03,70.25,1.29,6.86,9.87,2.7
Carnation Pop,Brown,Satin,52.84,16.39,14.47,41.44,32.8,51.47,8.05,73.12,0.88,7.06,8.56,2.33
Crush Wood,Red,Matte,40.38,34.45,15.1,23.67,56.42,37.21,12.41,61.87,6.96,3.86,12.26,2.64
Nude Mulberry,Nude,Glasting,65.8,11.66,9.45,39.02,22.51,60.05,1.55,63.94,0,27.18,5.17,2.16
Blush Brick,Coral,Glossy,64.55,44.87,22.25,26.38,75.13,60.81,4.84,76.54,0,12.71,3.89,2.02
Carnation Brick,Berry,Glasting,40.07,41.85,1.4,1.92,62.81,38.19,1.05,64.89,0,30.02,2.19,1.85
Maroon,Nude,Satin,61.76,8.49,10.04,49.78,19.72,56.68,11.48,71.33,1.06,7.26,6.11,2.76
Peachy Dream,Peach,Matte,60.74,6.39,12.27,62.49,20.75,60.4,14.6,63.34,6.77,3.86,8.69,2.74
Roast Temptation,Brown,Glossy,45.93,20.69,25.05,50.45,48.73,45.79,4.09,75.95,0,14.23,3.56,2.17
Silk Blaze,Pink,Satin,60.86,31.91,8.23,14.46,49.43,55.88,7.52,75.6,0.62,6.92,7.02,2.32
Honey Dream,Coral,Satin,64.51,32.5,27.61,40.35,63.97,63,10.41,74.9,1.29,5.01,6.44,1.95
Ruby Velvet,Red,Matte,38.4,54.94,18.6,18.7,87,38.09,12.19,64.33,5.47,4.37,11.97,1.67
Peach Satin,Nude,Satin,60.94,15.37,19.64,51.95,37.41,55.31,11.12,73.75,1.4,5.8,6.07,1.86
Burgundy Fudge,Orange,Glasting,53.18,47.79,31.58,33.46,85.92,49.93,1.29,62.43,0,30.92,3.5,1.86
Brick Divine,Red,Matte,48.44,40.27,32.91,39.26,78.01,46.24,13.67,64.05,6.33,5.92,8.43,1.6
Velvet Breeze,Nude,Satin,62.64,15.35,9.48,31.7,27.06,57.1,9.6,71.16,1.26,5.94,9.95,2.09
Dusty Radiance,Red,Glossy,44.49,47.82,19.42,22.1,77.42,41.51,3.41,73.28,0,15.89,5.54,1.88
Sangria Wood,Brown,Satin,46.18,28.33,20.34,35.68,52.31,42.96,7.56,74.37,1.68,6.57,7.38,2.44
Roast Glow,Nude,Satin,60.3,17.79,11.41,32.67,31.7,55.33,10.59,74,1.6,4.16,7.33,2.32
Cappucino Charm,Brown,Satin,57.25,18.94,18.48,44.3,39.69,52.49,10.75,71.2,0.76,5.63,9.12,2.54
Crush Fudge,Nude,Glasting,68.32,16.48,14.29,40.93,32.72,64.48,2.26,63.74,0,26.5,4.84,2.66
Bordeaux Crush,Coral,Matte,64.79,37.35,29.32,38.13,71.23,59.73,13.83,67.76,5.03,3.6,8.22,1.56
Coral Nectar,Peach,Satin,64.85,17.56,12.39,35.21,32.24,60.94,11.23,69.76,1.27,5.9,9.96,1.88
Blossom Velvet,Nude,Matte,69.84,13.03,19.39,56.1,35.04,67.58,15.01,62.4,4.67,5.34,9.78,2.8
Coral Mulberry,Coral,Matte,54.26,33.93,33.93,45,71.98,52,13.33,64.11,4.44,5.67,9.84,2.61
Espresso Mulberry,Pink,Glossy,58.81,20.81,6.09,16.31,32.52,55.58,4.68,72.69,0,15.84,4.55,2.24
Berry Glaze,Pink,Satin,58.72,21.9,6.99,17.7,34.48,56.15,9.49,71.15,1.89,6.8,8.08,2.59
Pecan Dream,Coral,Matte,59.87,41.33,30.88,36.77,77.39,54.88,12.32,62.84,6.11,4.64,12.11,1.98
Velvet Bloom,Pink,Glasting,53.97,18.65,4.92,14.78,28.93,50,1.16,63.68,0,28.45,4.31,2.4
Carnation Satin,Coral,Glossy,64.36,36.39,32.22,41.52,72.91,61.58,3.28,77.29,0,12.11,5.76,1.56
Tomato Delight,Nude,Glossy,63.14,15.69,8.58,28.67,26.82,61.3,4.61,73.08,0,15.99,4.41,1.91
Espresso Kiss,Brown,Glossy,41.84,29.11,24.02,39.53,56.61,38.53,4.94,75.36,0,10.45,6.79,2.46
Nude Truffle,Brown,Satin,42.11,28.8,15.36,28.07,48.96,41.43,8.95,71.59,1.7,7.33,8.72,1.71
Honey Glaze,Brown,Glasting,50.98,22.28,21.86,44.45,46.82,50.14,2.22,65.17,0,26.28,4.73,1.6
Latte Silk,Nude,Matte,65.45,12.76,10.36,39.07,24.65,65.05,15.11,62.59,5.28,4.7,9.91,2.41
Deep Berry Pop,Pink,Glasting,67.14,28.29,13.7,25.84,47.15,65.67,2.36,60.7,0,28.98,5.32,2.64
Tomato Blaze,Nude,Satin,59.86,6.9,12.51,61.12,21.43,55.35,9.8,73.18,1.29,6.27,7.59,1.87
Maroon Breeze,Mauve,Glasting,60.39,23.37,7.38,17.53,36.76,57.08,1.23,62.13,0,29.99,4.57,2.08
Crush Brick,Peach,Satin,68.5,14.03,20.28,55.32,36.99,64.8,9.75,73.77,0.89,5.56,7.04,2.99
Amber Glaze,Brown,Matte,54.32,21.76,27.49,51.64,52.59,53.55,13.14,63.04,7.21,3.37,10.46,2.78
Crimson Jam,Terracotta,Matte,45.1,24.3,14.09,30.11,42.13,44.96,13.81,63.03,7.15,3.26,10.23,2.52
Cinnamon Rosewood,Coral,Satin,66.55,45.29,28.04,31.76,79.9,65.47,10.88,74.21,0.98,4.23,7.39,2.31
Tomato Brick,Peach,Glossy,61.51,9.83,20.65,64.54,34.31,56.43,4.67,71.76,0,14.27,6.41,2.89
Blossom Mist,Pink,Satin,63.59,26.58,3.19,6.84,40.16,57.98,10.05,74,1.69,4.42,8.04,1.8
Glow Chiffon,Red,Glossy,42.57,32.19,21.87,34.19,58.37,38.17,2.42,78.93,0,10.16,6.16,2.33
Cinnamon Blaze,Nude,Matte,61.21,6.16,19.28,72.28,30.36,55.77,13.48,62.48,6.81,4.84,10.76,1.63
Velvet Bare,Pink,Matte,52.95,25.02,4.77,10.79,38.21,51.79,13.24,60.44,7.5,4.58,11.59,2.65
Mocha Truffle,Brown,Satin,41.56,16.71,24.04,55.2,43.92,40.02,10.79,70.29,0.61,6.25,9.89,2.17
Orange Glaze,Red,Glossy,40.35,35.22,20.54,30.25,61.16,35.84,4.04,73.64,0,15.27,4.38,2.67
Blush Pop,Pink,Glossy,62.43,34.96,10.56,16.81,54.78,58.12,3.92,74.4,0,15.8,3.73,2.15
Blossom Pop,Nude,Glasting,68.97,15.32,11.35,36.53,28.6,64.84,2.82,66.27,0,26.99,2.19,1.73
Red Aura,Pink,Glasting,50.22,25.22,6.11,13.62,38.92,47.03,1.33,61.85,0,31.67,3.13,2.02
Velvet Divine,Brown,Matte,52.29,27.97,27.27,44.27,58.6,51.3,15.76,58.68,7.13,3.75,12.23,2.45
Latte Dusk,Peach,Matte,71.28,10.17,12.01,49.74,23.61,68.99,14.2,65,4.44,4.6,9.51,2.25
Carnation Divine,Red,Satin,41.84,46.73,25.75,28.86,80.03,37.66,8.17,74.41,1.91,6.31,6.62,2.58
Blossom Crush,Pink,Glasting,57.87,37.07,5.1,7.83,56.13,53.44,2.21,59.59,0,30.51,4.95,2.74
Toffee Blaze,Berry,Glasting,32.95,41.06,5.32,7.38,62.1,33,1.06,63.28,0,31.13,2.16,2.37
Terracotta Jam,Nude,Matte,59.65,16.7,12.69,37.23,31.46,56.24,14.6,61.47,6.68,4.92,10.08,2.25
Velvet Crush,Terracotta,Glossy,49.19,15.94,25.75,58.24,45.43,44.73,3.88,74,0,15.74,4.16,2.22
Cappucino Nectar,Nude,Matte,70.52,13.76,9.61,34.93,25.18,68.44,15.22,64.08,6.4,3.22,9.49,1.59
Caramel Dusk,Coral,Glasting,52.2,26.06,29.28,48.33,58.8,52.11,1.88,64.39,0,27.63,3.69,2.41
Jazz Dusk,Nude,Glasting,70.8,14.63,13.87,43.47,30.24,66.19,1.63,59.2,0,31.87,4.51,2.79
Red Bite,Brown,Glossy,49.04,30.33,14.87,26.12,50.67,48.41,4.93,76.99,0,12.22,3.52,2.34
Amber Bare,Brown,Glasting,45.25,28.34,23.83,40.06,55.54,41.44,1.64,64.72,0,28.14,3.63,1.87
Ruby Dream,Coral,Matte,64.41,41.85,32.93,38.2,79.88,62.97,12.39,65.95,5.02,4.85,9.92,1.87
Burgundy Bare,Pink,Glasting,50.43,28.83,10.27,19.61,45.91,49.07,2.73,63.72,0,28.62,2.56,2.37
Sunset Souffle,Pink,Glasting,67.3,37.45,3.85,5.87,56.47,62.61,1.63,61.44,0,29.99,4.67,2.27
Maple Chiffon,Pink,Satin,59.36,32.02,6.84,12.06,49.11,59.24,9.5,73.88,0.96,7.31,6.09,2.26
Nude Glow,Red,Satin,45.83,41.07,26.84,33.17,73.59,40.91,11.37,73.98,0.82,4.18,7.41,2.24
Rust Cloud,Orange,Matte,58.29,44.13,28.53,32.88,78.82,55.09,15.53,60.45,6.29,4.61,10.35,2.77
Mocha Velvet,Brown,Glasting,57.36,18.53,16.93,42.42,37.65,53.08,1.86,58.58,0,31.82,5.09,2.65
Maroon Mist,Pink,Matte,62.54,18.81,12.87,34.38,34.19,58.38,13.46,64.38,5.4,3.58,10.85,2.33
Nude Souffle,Terracotta,Matte,47.13,15.83,16.78,46.67,34.6,46.69,12.29,63.31,5.76,3.84,11.82,2.98
Jazz Bloom,Nude,Glasting,69.96,12.23,15.7,52.08,29.85,64.03,2.36,59.33,0,33.8,2.42,2.09
Pecan Brick,Coral,Satin,56.14,43.69,22.44,27.19,73.67,50.72,10.68,70.11,1.01,6.64,9.76,1.8
Pecan Truffle,Nude,Glasting,59.29,16.01,19.32,50.35,37.64,54.06,2.02,66.16,0,26.36,3.75,1.71
Velvet Fudge,Coral,Matte,58.32,25.68,35.66,54.24,65.92,53.44,13.33,63.64,5.66,4.82,10.28,2.27
Dusk Souffle,Berry,Glasting,38.98,39.66,4.71,6.77,59.91,34.56,1.66,63.9,0,27.3,4.15,2.99
Orange Blaze,Brown,Satin,51.57,28.55,15.99,29.25,49.08,51.96,10.46,72.04,0.95,6.9,7.35,2.3
Espresso Bloom,Brown,Matte,54.07,21.1,20.71,44.47,44.35,51.27,14.83,61.42,5.05,4.11,12.08,2.51
Velvet Radiance,Nude,Matte,61.79,5.34,16.36,71.92,25.81,55.88,15.92,58.35,6.04,5.18,11.98,2.53
Mahogany Aura,Peach,Glasting,66.18,8.03,10.23,51.87,19.51,61.36,1.05,58.88,0,33.74,3.66,2.67
Peachy Jam,Pink,Glasting,64.24,32.74,11.93,20.02,52.27,63.71,2.55,59.28,0,31.77,4.02,2.38
Velvet Temptation,Nude,Glasting,69.75,15.99,10.47,33.22,28.67,66.82,1.34,60.74,0,30.96,4.2,2.76
Wine Glaze,Nude,Satin,58.39,14.11,21.27,56.44,38.29,55.85,8.09,75.28,1.52,7.32,6.13,1.66
Crimson Delight,Peach,Glossy,64.87,6.17,11.26,61.28,19.26,59.94,2.06,80.24,0,10.91,4.25,2.54
Dusk Rosewood,Brown,Matte,46.13,18.02,24.84,54.04,46.03,46.03,13.64,58.83,6.71,5.62,12.6,2.6
Toffee Wood,Orange,Matte,65.54,44.8,41.21,42.61,91.31,61.5,12.25,67.76,4.48,3.98,9.04,2.49
Sienna Breeze,Orange,Matte,57.38,32.42,41.52,52.02,79.02,55.91,14.1,64.18,5.1,5.74,8.87,2.01
Cinnamon Dream,Brown,Satin,43.14,31.47,23.1,36.28,58.56,43.56,8.92,71.75,1.66,6.25,8.88,2.54
Milk Tea Chiffon,Brown,Glasting,54.66,21.43,23.74,47.93,47.97,50.69,2.22,64.8,0,27.97,2.67,2.34
Jazz Bare,Coral,Satin,67.18,34.01,41.89,50.93,80.94,66.61,8.4,75.63,1.96,5.01,7.19,1.81
Maple Mulberry,Red,Glasting,50.66,54.25,19.42,19.7,86.43,48.52,2.41,62.79,0,28.79,3.11,2.9
Crimson Wood,Brown,Matte,41.4,20.9,17.11,39.31,40.52,40.15,15.18,64.15,4.96,5.03,8.61,2.07
Nude Charm,Red,Matte,39.51,37.74,16.36,23.44,61.7,36.07,15.92,57.1,6.86,5.41,12.77,1.94
Chestnut Divine,Nude,Glasting,70.38,11.41,13.3,49.37,26.29,67.14,1.58,62.99,0,28.77,4.5,2.16
Pink Pout,Terracotta,Matte,50.4,27.89,15.61,29.24,47.94,47.59,13.03,64.76,5.68,4.62,9.01,2.9
Red Spell,Orange,Glasting,67.65,32.77,41.71,51.84,79.57,66.63,2.39,61.82,0,30.93,2.48,2.38
Toffee Bloom,Orange,Glossy,62.46,38.97,30.68,38.21,74.4,56.66,2.73,75.94,0,13.19,5.68,2.46
Roast Kiss,Coral,Matte,58.55,37.74,40.51,47.03,83.05,55.86,12.21,64.79,5.45,3.3,11.59,2.66
Ruby Bare,Pink,Matte,55.3,31.24,9.8,17.42,49.11,50.73,12.02,62.28,5.93,4.22,12.65,2.9
Deep Berry Brick,Terracotta,Glasting,42.08,28.34,19.54,34.59,51.64,42.35,2.76,63.02,0,27.6,3.67,2.95
Rust Brick,Red,Glossy,41.59,40.53,22.63,29.18,69.63,37.63,2.96,74.38,0,15.45,5.58,1.63
Maple Nectar,Plum,Glasting,34.74,38.74,5.9,8.66,58.78,30.91,2.15,59.29,0,31.78,3.87,2.91
Bordeaux Chiffon,Nude,Glasting,69.77,15.64,13.86,41.55,31.35,66.49,2.83,59.74,0,33.06,2.61,1.76
Mahogany Bite,Berry,Matte,38.57,23.58,10.64,24.29,38.8,37.93,15.68,59.46,7.49,4.49,9.98,2.9
Brick Bite,Coral,Satin,64.81,40.58,34.41,40.3,79.81,59.29,11.35,70.87,1.89,4.03,9.51,2.35
Cappucino Kiss,Nude,Satin,59.77,10.5,21.84,64.32,36.35,56.39,7.93,73.19,1.97,7.46,7.14,2.31
Red Brick,Peach,Glossy,63.56,9.24,11.87,52.1,22.56,60.13,3.48,72.46,0,15.11,6.75,2.2
Caramel Aura,Pink,Satin,52.03,20.99,9.37,24.06,34.48,49.92,8.27,76.91,0.67,5.61,6.65,1.89
Pink Pop,Red,Glasting,49.96,52.19,20.28,21.24,83.99,48.39,1.37,59.37,0,32.33,4.58,2.35
Peach Charm,Pink,Satin,55.45,23.61,8.39,19.56,37.58,53.85,10.53,69.41,0.76,7.14,9.42,2.74
Wine Truffle,Orange,Satin,57.13,41.76,34.1,39.23,80.87,51.81,9.56,74.77,0.63,4.65,8.68,1.71
Chestnut Kiss,Brown,Satin,47.33,23.24,20.26,41.08,46.25,44.21,8.79,75.85,0.87,4.82,7.04,2.63
Berry Radiance,Nude,Glossy,58.92,14.22,13.65,43.83,29.57,57.66,4.86,75.07,0,14.34,4.21,1.52
Rose Rosewood,Red,Satin,39.24,42.5,33.36,38.13,81.04,38.51,10.11,75.73,1.54,4.41,6.25,1.96
Tomato Spark,Terracotta,Satin,49.09,25.8,13.98,28.45,44.02,43.82,9.12,71.62,1.25,6.46,9.58,1.97
Jazz Pout,Coral,Matte,57.6,28.76,39.89,54.21,73.77,56.21,12.47,64.17,7.21,4.84,9.48,1.83
Orange,Nude,Matte,66.01,17.54,20,48.75,39.9,63.59,12.53,64.25,4.54,4.82,11.74,2.12
Carnation Bare,Brown,Glasting,42.38,17.94,24.81,54.13,45.92,38.6,2.1,61.45,0,30.3,3.65,2.5
Silk Mist,Nude,Satin,67.93,8.58,20.54,67.33,33.39,66.64,8.37,73.06,0.87,7.06,9.02,1.62
Light Pink Aura,Nude,Glasting,63.56,6.33,15.16,67.34,24.64,61.36,1.89,64.68,0,26.62,4.46,2.35
Ruby Spell,Red,Matte,45.35,38.86,17.16,23.83,63.72,40.47,12.25,64.86,5.92,4.72,10.53,1.72
Tomato Cloud,Nude,Matte,61.66,14.24,20.49,55.2,37.43,57.37,13.31,66.3,5.82,3.62,8.58,2.37
Burgundy Aura,Brown,Glasting,56.19,28.69,24.84,40.89,56.92,53.98,1.18,60.38,0,32.47,3.79,2.18
Sienna Cloud,Brown,Glossy,52.98,26.14,27.96,46.93,57.41,48.89,3.54,79.09,0,10.35,4.83,2.19
Mocha Breeze,Nude,Satin,58.49,14.2,16.01,48.43,32.1,53.7,10.73,70.63,1.58,6.86,7.58,2.62
Crush Pout,Red,Glossy,46.42,43.67,31.91,36.16,81.13,46.14,3.73,79.42,0,12.07,3.18,1.6
Sangria Spell,Peach,Satin,60.56,13.84,12.7,42.54,28.18,55.07,11.48,71.52,1.9,7.27,6.28,1.55
Light Pink Divine,Red,Satin,40.63,37.99,20.88,28.79,65.02,40.71,9.14,70.26,1.65,7.42,9.06,2.47
Glow Crush,Pink,Matte,53.5,20.4,10.85,28.01,34.66,51,13.68,60.47,7.47,5.61,9.91,2.86
Mocha Silk,Brown,Glossy,42.71,31.87,17.48,28.74,54.52,43.5,3.13,74.86,0,13.97,5.73,2.31
Amber Wood,Berry,Glasting,42.88,37.58,4.83,7.32,56.83,41.52,2.31,64.73,0,27.43,3.22,2.31
Jazz Cloud,Pink,Satin,50.08,23.47,11.9,26.89,39.47,45.59,9.62,76.36,1.59,4.01,6.89,1.53
Bordeaux Mousse,Coral,Satin,64.22,27.02,34.29,51.76,65.48,61.81,8.69,73.02,1.51,5.86,8.18,2.74
Blossom Fudge,Nude,Glossy,63.37,5.49,10.79,63.03,18.16,59.44,2.74,78.32,0,11.65,4.38,2.91
Caramel Cloud,Orange,Matte,60.5,25.41,22.08,40.99,50.49,58.88,14.9,61.75,4.39,4.26,12.05,2.65
Pink Temptation,Nude,Glossy,62.29,5.85,8.64,55.9,15.65,61.87,4.65,79.4,0,11.24,3.06,1.65
Amber Aura,Brown,Matte,46.08,30.1,27.93,42.86,61.59,42.83,12.13,64.5,6.09,3.15,11.52,2.61
Crimson Glaze,Nude,Glossy,60.31,16.79,19.37,49.08,38.45,54.41,3.21,78.75,0,11.3,3.94,2.8
Ruby Dusk,Peach,Glossy,66.96,15.03,16.72,48.05,33.72,64.18,2.17,78.35,0,11.74,5.02,2.72
Berry Glow,Coral,Glossy,52.32,40.86,30.34,36.6,76.34,48.99,4.19,75.43,0,13.59,4.28,2.51
Blush Nectar,Nude,Glossy,60.14,14.04,16.82,50.15,32.86,55.94,2.96,79.48,0,10.86,4.21,2.49
Sienna Glow,Orange,Glasting,56.32,38.93,24.74,32.44,69.19,55.49,1.44,66.1,0,26.49,3.05,2.92
Rose Nectar,Berry,Satin,47.52,29.16,3.74,7.31,44.1,43.11,11.02,70.87,1.87,5.5,8.5,2.24
Blush Dream,Coral,Glossy,63.01,36.06,26.69,36.51,67.29,56.94,4.92,71.6,0,14.03,6.77,2.68
Nude Velvet,Pink,Glasting,62.04,20.98,3.17,8.59,31.83,59.01,1.64,65.65,0,27.19,3.46,2.06
Sangria Glow,Nude,Glossy,67.02,10.94,21.68,63.22,36.43,62.25,4.26,73.8,0,15.1,4.89,1.95
Maple Pop,Brown,Glossy,52.18,22.24,13.85,31.91,39.3,51.68,4.12,71.83,0,15.49,6.22,2.34
Maple Bare,Brown,Matte,51.94,17.9,17.72,44.71,37.78,48.97,15.87,63.97,5.95,3.73,8.67,1.81
Dusk Jam,Pink,Glasting,51.67,34.3,4.38,7.28,51.87,48.49,2.29,58.06,0,32.78,5.23,1.64
Amber Jam,Peach,Satin,67.66,11.22,13.9,51.09,26.79,66.59,10.4,72.98,0.79,6.36,7.07,2.4
Cappucino Glow,Brown,Satin,50.63,28.64,22.85,38.58,54.96,46.19,10.99,70.3,0.78,6.54,9.05,2.34
Crimson Velvet,Coral,Satin,59.05,26.46,35.1,52.99,65.93,53.17,9.42,72.58,1.8,7.35,7.33,1.52
Maroon Aura,Coral,Satin,61.23,38,41.56,47.56,84.47,59.19,11.25,70.62,1.94,7.5,6.47,2.22
Roast Aura,Red,Satin,46.91,34.19,28.23,39.55,66.51,43.06,8.47,73.77,1.41,7.2,6.82,2.33
Milk Tea,Pink,Glasting,64.88,35.84,9.97,15.55,55.8,58.71,2.55,61.81,0,30.27,3.33,2.04
Cappucino Radiance,Peach,Glossy,69.93,16.3,9.05,29.04,27.97,66.38,2.78,77.54,0,12.98,5.05,1.65
Peachy Charm,Berry,Satin,30.91,26.45,7.01,14.84,41.04,28.78,11.43,68.75,1.2,7.2,9.36,2.06
Peachy Brick,Berry,Glasting,44.42,30.96,9.99,17.88,48.8,41.88,1.83,64.71,0,27.77,3.97,1.72
Coral Dream,Pink,Glossy,50.32,26.07,2.47,5.41,39.28,48.1,2.78,74.88,0,13.47,6.74,2.13
Nude Mist,Brown,Matte,50.12,26.13,19.3,36.45,48.73,46.66,12.61,64.59,5.15,5.5,9.9,2.25
Berry Chiffon,Coral,Satin,57.31,42.65,34,38.56,81.82,55.74,10.12,71.49,1.53,6.88,7.03,2.95
Milk Tea Pop,Nude,Glasting,63.23,6.38,20.56,72.76,32.29,60.02,2.28,63.96,0,27.35,3.72,2.69
Blossom Kiss,Plum,Matte,44.07,36.34,-0.49,359.23,54.51,41.35,12.68,62.3,6.52,5.75,10.44,2.31
Crush Velvet,Brown,Satin,48.11,26.19,27.3,46.19,56.75,43.51,10.07,73.32,0.59,6.96,6.14,2.92
Crimson Bare,Nude,Glasting,58.68,17.16,19.74,49,39.23,55.64,2.34,60.92,0,29.3,4.68,2.76
Brick Mulberry,Nude,Matte,60.43,15.6,9.45,31.21,27.36,58.35,12.93,65.96,6.48,4.52,8.05,2.06
Silk Cloud,Pink,Matte,56.92,37.59,13.91,20.31,60.12,55.65,14.47,61.44,6.33,4.45,11.08,2.23
Tomato Breeze,Coral,Glasting,67.53,35.42,24.67,34.86,64.75,63.63,1.01,66.68,0,26.09,3.93,2.29
Honey Spell,Brown,Glossy,52.81,30.9,22.12,35.6,57,48.37,2.82,77.45,0,10.1,6.91,2.72
Dusk Pop,Nude,Glasting,70.9,6.72,17.95,69.48,28.75,70.21,2.35,57.89,0,33.28,4.82,1.66
Jazz Radiance,Berry,Matte,41.46,36.21,8.65,13.44,55.84,39.76,12.39,66.83,4.52,4.58,8.96,2.72
Toffee Divine,Coral,Matte,66.3,37.28,39.55,46.69,81.53,62.52,13.07,65.1,5.39,4.22,9.87,2.35
Cappucino Pop,Brown,Glasting,42.64,16.05,24.55,56.82,44,38.73,2.98,59.99,0,31.47,2.79,2.77
Espresso Dusk,Pink,Satin,58.15,30.32,10.78,19.57,48.27,55.61,10.11,72.66,1.79,4.33,9.04,2.07
Dusty Spell,Red,Glossy,43.69,50.33,28.92,29.88,87.07,42.66,3.66,81.3,0,10.06,3.22,1.76
Berry Temptation,Brown,Matte,57.22,31.59,17,28.29,53.81,54.67,14,61.07,5.52,4.7,11.92,2.79
Carnation Truffle,Nude,Matte,70.76,14.16,17.07,50.32,33.27,68.75,12.38,67.13,5.85,3.63,8.21,2.8
Espresso Rosewood,Brown,Satin,57.36,20,14.84,36.58,37.36,55.59,11.05,74.4,1.21,4.26,6.19,2.89
Jazz Mulberry,Pink,Satin,52.15,18.81,5.63,16.66,29.45,48.13,11.1,72.2,1.35,7.25,6.13,1.97
Plum Silk,Orange,Satin,62.01,44.39,28.02,32.26,78.74,60.65,11.35,69.67,1.38,6.49,9.01,2.1
Dusty Kiss,Red,Satin,40.63,38.75,34.01,41.27,77.34,39.31,7.81,75.49,0.74,6.92,6.96,2.08
Mahogany Spell,Coral,Glasting,67.7,25.2,35.38,54.54,65.16,63.99,2.79,60.3,0,32.04,3.16,1.71
Pecan Souffle,Orange,Glossy,62.92,32.38,40.32,51.23,77.57,62.44,4.97,73.17,0,13,5.9,2.96
Orange Nectar,Nude,Satin,61.96,16.85,19.51,49.18,38.67,58.11,7.71,73.94,1.16,5.19,9.35,2.65
Deep Berry Rosewood,Coral,Glossy,53.32,27.21,41.43,56.7,74.35,52.29,4.86,74.37,0,14.64,4.59,1.54
Espresso Bare,Red,Matte,38.58,46.48,19.26,22.51,75.47,37.76,13.09,62.01,7.47,4.07,10.45,2.91
Pink Kiss,Pink,Glasting,62.65,37.52,12.08,17.85,59.13,60.4,1.86,60.84,0,31.29,4.38,1.63
Dusty Nectar,Nude,Glossy,64.32,10.26,12.43,50.46,24.18,60.44,3.86,74.05,0,14.28,6.19,1.62
Sangria Crush,Orange,Satin,61.37,41.12,23.45,29.7,71,60.87,8.12,73.2,1.57,6.59,8.54,1.98
Chestnut Temptation,Orange,Satin,62.57,35.9,32.67,42.3,72.81,57.26,7.93,77.17,0.51,5.26,7.23,1.9
Sangria Spark,Brown,Glasting,40.2,29.87,14.26,25.52,49.65,35.44,1.27,64.15,0,29.59,2.66,2.33
Jazz Chiffon,Peach,Matte,61.54,6.49,17.39,69.53,27.84,58.87,13.63,66.83,4.09,3.28,9.77,2.4
Milk Tea Blaze,Pink,Matte,54.22,23.7,2.91,7,35.82,49.67,13.3,66.1,5.35,4.16,9.46,1.63
Crimson Truffle,Pink,Glossy,61.87,31.87,3.98,7.12,48.18,59.18,4.7,70.45,0,15.87,6.62,2.36
Plum Souffle,Terracotta,Glossy,52.82,25.89,16.43,32.4,45.99,49.34,2.51,80.19,0,10.83,4.52,1.95
Maroon Charm,Mauve,Satin,58.33,25.17,5.97,13.34,38.8,55.72,9.47,74.5,0.59,5.47,7.74,2.23