shade_id,image_file,color_family,undertone,finish,L_star,a_star,b_star,hue_deg,saturation,brightness
S001,IMG_001.png,Nude,Neutral,Glossy,67.64,6.24,9.49,56.65,53.13,67.01
S002,IMG_002.png,Brown,Cool,Satin,45.28,18.89,10.22,28.41,65.96,43.56
S003,IMG_003.png,Nude,Cool,Glossy,61.7,15.08,5.74,20.85,56.97,60.84
S004,IMG_004.png,Coral,Cool,Satin,60.19,40.06,24.43,31.37,89.59,59.17
S005,IMG_005.png,Plum,Neutral,Matte,34.32,25.8,-12.12,334.83,74.61,35.8
S006,IMG_006.png,Red,Warm,Satin,48.26,38.67,23.1,30.85,90.64,50.0
S007,IMG_007.png,Orange,Cool,Matte,61.73,33.16,24.81,36.81,83.2,60.46
S008,IMG_008.png,Pink,Cool,Matte,54.81,34.84,-6.24,349.85,79.75,55.98
S009,IMG_009.png,Nude,Cool,Matte,59.23,20.29,8.78,23.39,58.65,57.39
S010,IMG_010.png,Orange,Cool,Matte,64.14,27.86,33.47,50.22,86.36,65.06
S011,IMG_011.png,Mauve,Cool,Matte,44.82,27.43,-3.85,352.01,72.88,45.72
S012,IMG_012.png,Pink,Neutral,Matte,57.46,29.6,-0.44,359.15,65.33,54.81
S013,IMG_013.png,Red,Warm,Satin,42.73,48.5,21.8,24.21,93.82,42.32
S014,IMG_014.png,Plum,Cool,Glossy,40.04,21.36,-10.72,333.34,63.32,37.15
S015,IMG_015.png,Nude,Warm,Satin,62.13,24.01,17.23,35.66,73.4,62.57
S016,IMG_016.png,Brown,Neutral,Matte,42.14,22.32,10.06,24.26,63.73,40.29
S017,IMG_017.png,Plum,Neutral,Satin,33.67,22.65,-13.08,329.99,70.33,35.34
S018,IMG_018.png,Orange,Neutral,Satin,62.49,25.05,27.34,47.5,82.13,60.86
S019,IMG_019.png,Coral,Neutral,Matte,64.4,38.79,27.21,35.05,86.94,61.05
S020,IMG_020.png,Coral,Neutral,Matte,59.68,46.84,28.65,31.45,100.0,58.69
S021,IMG_021.png,Plum,Cool,Satin,47.77,25.89,-7.39,344.06,74.28,48.54
S022,IMG_022.png,Mauve,Neutral,Matte,48.07,27.23,0.73,1.53,63.84,45.52
S023,IMG_023.png,Pink,Warm,Glossy,59.29,31.43,20.39,32.97,79.16,61.5
S024,IMG_024.png,Plum,Cool,Satin,36.1,23.88,-15.0,327.86,79.64,35.74
S025,IMG_025.png,Brown,Neutral,Glossy,48.43,10.53,19.22,61.29,62.13,48.42
S026,IMG_026.png,Pink,Cool,Matte,68.44,30.45,8.61,15.79,74.57,66.76
S027,IMG_027.png,Brown,Cool,Glossy,45.5,8.37,13.53,58.27,59.95,44.53
S028,IMG_028.png,Orange,Cool,Satin,63.23,36.69,30.6,39.83,91.43,63.71
S029,IMG_029.png,Pink,Cool,Matte,61.37,42.59,10.72,14.13,86.87,58.44
S030,IMG_030.png,Orange,Warm,Matte,67.24,26.35,37.89,55.18,89.96,65.11
S031,IMG_031.png,Plum,Neutral,Satin,29.74,29.53,-15.0,333.07,69.1,34.0
S032,IMG_032.png,Berry,Cool,Satin,53.02,50.0,-12.83,345.61,98.49,56.48
S033,IMG_033.png,Mauve,Cool,Glossy,54.61,23.12,-0.25,359.39,64.24,54.08
S034,IMG_034.png,Mauve,Cool,Matte,54.83,30.06,0.19,0.36,73.34,54.83
S035,IMG_035.png,Berry,Cool,Matte,58.88,48.47,1.79,2.11,89.53,56.66
S036,IMG_036.png,Berry,Warm,Matte,44.88,29.28,9.15,17.36,68.19,43.94
S037,IMG_037.png,Orange,Neutral,Satin,59.38,28.74,38.76,53.45,100.0,54.25
S038,IMG_038.png,Berry,Neutral,Satin,43.78,36.14,-10.78,343.39,83.13,47.23
S039,IMG_039.png,Red,Neutral,Matte,44.63,36.74,16.33,23.96,90.72,45.8
S040,IMG_040.png,Red,Neutral,Matte,47.63,50.0,20.19,21.99,100.0,47.04
S041,IMG_041.png,Brown,Cool,Satin,32.93,18.91,9.97,27.81,67.27,36.57
S042,IMG_042.png,Orange,Cool,Glossy,59.6,24.14,30.44,51.58,85.92,58.2
S043,IMG_043.png,Plum,Cool,Satin,30.97,31.56,-7.09,347.35,64.12,31.58
S044,IMG_044.png,Plum,Warm,Satin,44.7,19.68,-8.36,337.0,55.61,47.65
S045,IMG_045.png,Coral,Neutral,Satin,62.88,43.34,29.16,33.94,98.64,63.42
S046,IMG_046.png,Orange,Neutral,Matte,59.08,31.92,43.0,53.41,93.61,58.83
S047,IMG_047.png,Pink,Neutral,Glossy,61.21,34.22,8.06,13.25,85.32,62.93
S048,IMG_048.png,Brown,Warm,Matte,53.97,13.97,10.92,38.01,57.22,54.18
S049,IMG_049.png,Nude,Warm,Matte,52.39,12.03,24.79,64.12,71.69,49.57
S050,IMG_050.png,Coral,Warm,Glossy,55.17,40.3,38.51,43.7,98.0,55.45
S051,IMG_051.png,Orange,Warm,Matte,55.77,29.1,41.97,55.27,94.22,56.81
S052,IMG_052.png,Nude,Cool,Matte,66.98,6.03,6.32,46.34,37.95,65.62
S053,IMG_053.png,Brown,Warm,Satin,46.54,21.64,18.28,40.19,70.67,49.24
S054,IMG_054.png,Berry,Neutral,Glossy,38.43,30.6,-6.44,348.11,72.6,40.04
S055,IMG_055.png,Coral,Neutral,Matte,51.76,40.37,27.34,34.11,84.48,53.61
S056,IMG_056.png,Plum,Cool,Matte,28.58,26.73,-11.04,337.55,73.46,29.31
S057,IMG_057.png,Mauve,Cool,Satin,58.4,23.34,5.83,14.02,65.81,59.1
S058,IMG_058.png,Plum,Neutral,Matte,35.42,30.8,-2.62,355.14,69.77,36.08
S059,IMG_059.png,Red,Neutral,Satin,35.46,31.64,12.41,21.42,75.09,34.88
S060,IMG_060.png,Orange,Neutral,Matte,54.23,31.74,35.96,48.57,91.34,54.6
S061,IMG_061.png,Orange,Warm,Satin,53.15,30.03,45.0,56.28,100.0,53.33
S062,IMG_062.png,Mauve,Warm,Satin,50.98,21.1,11.34,28.25,69.68,53.15
S063,IMG_063.png,Berry,Cool,Matte,40.15,42.68,-13.23,342.78,79.2,37.16
S064,IMG_064.png,Nude,Neutral,Matte,57.68,8.49,1.18,7.9,46.71,62.52
S065,IMG_065.png,Coral,Cool,Satin,48.63,36.51,26.44,35.91,93.55,49.32
S066,IMG_066.png,Brown,Cool,Matte,45.39,23.14,4.95,12.08,72.71,45.0
S067,IMG_067.png,Coral,Neutral,Matte,58.79,39.29,35.82,42.36,96.68,56.91
S068,IMG_068.png,Coral,Warm,Matte,48.61,41.19,30.24,36.28,84.23,47.03
S069,IMG_069.png,Mauve,Warm,Satin,50.92,23.73,4.49,10.72,61.53,52.34
S070,IMG_070.png,Mauve,Neutral,Glossy,55.34,26.48,13.18,26.45,72.1,54.73
S071,IMG_071.png,Mauve,Warm,Matte,46.67,24.65,9.83,21.74,65.36,48.47
S072,IMG_072.png,Orange,Cool,Matte,56.08,32.74,33.95,46.04,91.54,56.61
S073,IMG_073.png,Pink,Neutral,Glossy,68.02,36.24,6.74,10.53,82.36,63.2
S074,IMG_074.png,Brown,Warm,Satin,33.57,18.57,30.19,58.4,74.8,34.04
S075,IMG_075.png,Red,Warm,Matte,55.93,33.74,17.48,27.39,79.2,57.55
S076,IMG_076.png,Plum,Neutral,Glossy,38.09,27.11,-1.63,356.56,66.74,36.82
S077,IMG_077.png,Mauve,Warm,Matte,41.89,27.69,3.2,6.6,63.54,42.78
S078,IMG_078.png,Plum,Warm,Satin,39.28,31.21,-5.96,349.19,72.75,39.35
S079,IMG_079.png,Plum,Neutral,Matte,31.8,27.94,-1.19,357.57,65.56,26.97
S080,IMG_080.png,Coral,Neutral,Glossy,55.57,28.32,26.45,43.05,81.19,55.19
S081,IMG_081.png,Berry,Cool,Matte,33.03,41.5,4.78,6.57,84.26,32.75
S082,IMG_082.png,Pink,Neutral,Glossy,52.38,21.35,8.82,22.45,63.46,56.07
S083,IMG_083.png,Red,Neutral,Matte,48.52,43.6,13.65,17.39,91.14,50.95
S084,IMG_084.png,Pink,Neutral,Glossy,59.89,25.49,6.29,13.86,68.47,56.48
S085,IMG_085.png,Orange,Warm,Satin,44.61,33.92,42.86,51.64,93.54,46.28
S086,IMG_086.png,Mauve,Cool,Glossy,54.31,27.1,-0.98,357.93,73.91,55.56
S087,IMG_087.png,Plum,Neutral,Glossy,31.99,27.82,-10.4,339.51,76.63,34.99
S088,IMG_088.png,Plum,Neutral,Glossy,36.88,28.77,-3.24,353.58,60.59,35.23
S089,IMG_089.png,Mauve,Cool,Matte,46.51,23.99,6.31,14.73,62.14,46.4
S090,IMG_090.png,Nude,Cool,Satin,56.54,18.79,10.81,29.91,63.78,57.94
S091,IMG_091.png,Red,Cool,Satin,37.7,34.18,15.53,24.43,76.19,37.51
S092,IMG_092.png,Berry,Neutral,Matte,33.02,33.39,5.31,9.03,78.6,34.55
S093,IMG_093.png,Coral,Neutral,Satin,58.35,40.74,27.06,33.59,95.19,58.67
S094,IMG_094.png,Nude,Cool,Matte,52.28,4.76,16.16,73.58,53.43,48.56
S095,IMG_095.png,Coral,Warm,Satin,61.1,36.14,26.81,36.56,88.0,59.07
S096,IMG_096.png,Nude,Neutral,Glossy,68.82,11.4,20.28,60.66,68.78,69.7
S097,IMG_097.png,Mauve,Neutral,Matte,55.82,26.7,-5.92,347.5,70.51,54.71
S098,IMG_098.png,Pink,Warm,Satin,70.37,36.8,14.25,21.16,83.46,70.78
S099,IMG_099.png,Brown,Cool,Satin,32.18,14.74,8.64,30.36,63.27,32.21
S100,IMG_100.png,Brown,Warm,Glossy,38.78,9.59,17.5,61.28,55.7,39.8
S101,IMG_101.png,Red,Warm,Matte,50.97,47.3,26.4,29.17,95.36,48.81
S102,IMG_102.png,Orange,Neutral,Satin,67.72,35.5,37.34,46.45,90.45,67.09
S103,IMG_103.png,Plum,Cool,Satin,36.52,27.48,-15.0,331.37,72.43,37.01
S104,IMG_104.png,Coral,Cool,Glossy,55.11,45.19,17.84,21.54,84.13,55.17
S105,IMG_105.png,Orange,Neutral,Satin,43.96,31.98,45.0,54.6,95.09,43.2
S106,IMG_106.png,Red,Warm,Satin,43.04,49.14,29.3,30.81,100.0,43.11
S107,IMG_107.png,Berry,Warm,Matte,44.19,50.0,6.3,7.18,100.0,43.47
S108,IMG_108.png,Brown,Neutral,Matte,40.19,16.39,16.07,44.43,66.93,41.04
S109,IMG_109.png,Nude,Warm,Matte,53.35,15.71,19.81,51.59,71.97,50.66
S110,IMG_110.png,Red,Neutral,Satin,44.72,43.39,12.96,16.63,93.44,44.85
S111,IMG_111.png,Brown,Cool,Matte,38.67,14.48,9.35,32.85,63.7,36.45
S112,IMG_112.png,Coral,Warm,Matte,59.73,44.22,28.33,32.64,89.25,58.07
S113,IMG_113.png,Red,Cool,Matte,43.13,47.25,8.94,10.72,95.29,40.06
S114,IMG_114.png,Coral,Neutral,Satin,57.12,45.94,24.89,28.45,100.0,56.66
S115,IMG_115.png,Brown,Cool,Glossy,35.49,16.99,15.55,42.48,70.27,37.8
S116,IMG_116.png,Nude,Warm,Matte,65.18,22.82,9.4,22.4,62.81,65.41
S117,IMG_117.png,Nude,Neutral,Satin,60.98,18.07,14.84,39.39,66.1,60.99
S118,IMG_118.png,Brown,Warm,Satin,49.88,16.55,21.99,53.03,69.83,51.76
S119,IMG_119.png,Red,Warm,Matte,47.94,48.0,24.11,26.67,100.0,42.08
S120,IMG_120.png,Pink,Warm,Satin,49.66,32.26,14.09,23.6,75.16,52.4
S121,IMG_121.png,Nude,Neutral,Satin,64.45,24.08,16.66,34.67,67.2,64.23
S122,IMG_122.png,Berry,Cool,Glossy,40.47,34.29,-0.02,359.96,76.3,40.25
S123,IMG_123.png,Coral,Warm,Matte,51.75,43.52,30.94,35.41,100.0,52.68
S124,IMG_124.png,Red,Neutral,Matte,49.41,43.87,21.16,25.75,86.56,50.08
S125,IMG_125.png,Brown,Warm,Satin,37.1,19.35,27.23,54.6,83.32,36.88
S126,IMG_126.png,Brown,Neutral,Satin,40.73,15.65,20.12,52.11,67.74,39.27
S127,IMG_127.png,Brown,Neutral,Matte,42.04,18.35,14.13,37.59,69.25,42.8
S128,IMG_128.png,Red,Neutral,Matte,42.0,33.72,12.77,20.75,74.56,42.1
S129,IMG_129.png,Berry,Cool,Matte,44.04,39.58,-4.66,353.28,73.3,43.31
S130,IMG_130.png,Mauve,Neutral,Matte,51.97,30.23,8.94,16.47,75.69,50.97
S131,IMG_131.png,Coral,Neutral,Glossy,63.92,35.21,32.03,42.29,95.75,62.01
S132,IMG_132.png,Nude,Neutral,Satin,62.61,12.19,11.7,43.84,55.9,63.7
S133,IMG_133.png,Mauve,Warm,Satin,50.78,25.55,19.51,37.36,82.72,51.08
S134,IMG_134.png,Berry,Cool,Matte,44.67,37.23,-0.81,358.75,86.63,43.38
S135,IMG_135.png,Red,Neutral,Satin,53.67,41.61,17.02,22.24,83.88,53.21
S136,IMG_136.png,Nude,Warm,Matte,63.36,22.6,36.71,58.39,94.59,63.85
S137,IMG_137.png,Plum,Warm,Matte,35.66,27.96,-8.83,342.48,75.52,35.11
S138,IMG_138.png,Pink,Neutral,Satin,64.77,30.9,4.72,8.68,80.52,67.93
S139,IMG_139.png,Brown,Warm,Matte,46.78,18.07,24.35,53.42,67.87,48.18
S140,IMG_140.png,Brown,Warm,Glossy,47.82,19.2,29.44,56.89,72.91,47.34
S141,IMG_141.png,Mauve,Warm,Matte,49.83,26.76,0.32,0.69,69.45,48.33
S142,IMG_142.png,Pink,Warm,Matte,58.38,38.86,10.24,14.77,73.72,56.59
S143,IMG_143.png,Coral,Warm,Matte,57.01,44.44,34.07,37.47,100.0,57.02
S144,IMG_144.png,Coral,Neutral,Matte,45.99,35.28,28.07,38.51,93.05,46.94
S145,IMG_145.png,Red,Cool,Glossy,46.1,46.81,14.1,16.76,97.27,46.33
S146,IMG_146.png,Pink,Warm,Glossy,45.29,22.91,7.35,17.77,65.19,42.28
S147,IMG_147.png,Nude,Neutral,Glossy,72.81,13.94,14.18,45.49,56.13,68.99
S148,IMG_148.png,Orange,Cool,Satin,59.49,22.0,30.26,53.99,82.99,60.33
S149,IMG_149.png,Pink,Neutral,Satin,63.8,29.95,1.12,2.14,71.38,64.53
S150,IMG_150.png,Mauve,Cool,Glossy,61.19,30.04,-0.58,358.89,82.72,65.11
S151,IMG_151.png,Coral,Neutral,Matte,51.65,31.39,25.57,39.17,86.63,51.45
S152,IMG_152.png,Pink,Warm,Matte,55.73,25.6,22.73,41.6,82.1,54.75
S153,IMG_153.png,Berry,Warm,Matte,33.73,28.95,-10.64,339.82,80.55,33.64
S154,IMG_154.png,Berry,Warm,Satin,46.7,33.5,4.24,7.21,74.26,47.81
S155,IMG_155.png,Plum,Cool,Glossy,27.9,30.43,-11.29,339.65,75.84,29.04
S156,IMG_156.png,Berry,Cool,Matte,49.66,32.99,2.37,4.12,81.61,49.8
S157,IMG_157.png,Red,Warm,Matte,35.64,46.84,29.89,32.55,100.0,34.19
S158,IMG_158.png,Plum,Neutral,Matte,34.77,38.7,-10.41,344.94,89.08,34.96
S159,IMG_159.png,Berry,Neutral,Satin,41.31,33.82,1.31,2.22,80.48,42.49
S160,IMG_160.png,Pink,Cool,Glossy,57.75,31.87,2.86,5.13,72.19,60.99
S161,IMG_161.png,Plum,Cool,Satin,21.98,19.93,-6.05,343.12,64.16,19.32
S162,IMG_162.png,Orange,Warm,Matte,64.95,30.85,41.68,53.49,86.39,65.46
S163,IMG_163.png,Mauve,Warm,Glossy,45.06,20.17,7.14,19.49,50.81,46.28
S164,IMG_164.png,Plum,Neutral,Satin,20.12,25.02,-1.84,355.8,53.7,19.42
S165,IMG_165.png,Pink,Warm,Glossy,62.42,32.83,19.3,30.45,83.77,59.45
S166,IMG_166.png,Pink,Warm,Matte,56.64,29.89,2.39,4.56,77.82,57.22
S167,IMG_167.png,Plum,Cool,Matte,23.73,24.63,-7.64,342.76,70.42,27.45
S168,IMG_168.png,Pink,Cool,Satin,76.26,28.93,-0.14,359.71,74.02,75.21
S169,IMG_169.png,Red,Warm,Matte,40.61,46.58,19.68,22.9,98.43,38.02
S170,IMG_170.png,Plum,Cool,Matte,46.48,32.33,-15.0,335.11,77.15,45.97
S171,IMG_171.png,Berry,Cool,Glossy,47.17,36.1,-6.94,349.12,87.08,49.66
S172,IMG_172.png,Coral,Warm,Glossy,62.97,40.02,22.61,29.46,92.39,64.09
S173,IMG_173.png,Red,Warm,Glossy,52.36,27.66,20.34,36.33,69.01,52.54
S174,IMG_174.png,Coral,Cool,Matte,60.02,33.42,19.58,30.36,79.89,60.94
S175,IMG_175.png,Berry,Warm,Matte,40.91,40.88,-5.87,351.83,83.81,40.5
S176,IMG_176.png,Pink,Cool,Matte,64.17,31.28,6.13,11.09,77.63,63.33
S177,IMG_177.png,Berry,Warm,Glossy,50.21,33.74,13.34,21.57,84.76,50.26
S178,IMG_178.png,Orange,Warm,Satin,62.34,37.01,44.27,50.11,100.0,64.19
S179,IMG_179.png,Brown,Cool,Glossy,34.43,10.66,3.22,16.83,51.83,33.55
S180,IMG_180.png,Brown,Warm,Satin,46.73,11.68,22.77,62.85,75.34,46.44
S181,IMG_181.png,Orange,Warm,Satin,58.16,27.03,42.48,57.53,94.86,57.37
S182,IMG_182.png,Nude,Neutral,Satin,75.8,16.45,24.93,56.57,74.64,77.72
S183,IMG_183.png,Plum,Neutral,Satin,40.93,30.2,-14.43,334.46,70.02,38.08
S184,IMG_184.png,Plum,Warm,Matte,41.75,29.93,-12.83,336.8,75.01,45.94
S185,IMG_185.png,Nude,Cool,Matte,64.7,18.82,10.77,29.79,67.74,63.08
S186,IMG_186.png,Plum,Neutral,Satin,36.97,30.89,-11.08,340.27,75.99,35.73
S187,IMG_187.png,Berry,Cool,Satin,43.94,32.25,-2.68,355.25,72.77,42.69
S188,IMG_188.png,Brown,Neutral,Matte,38.73,17.49,5.46,17.35,59.94,42.72
S189,IMG_189.png,Pink,Cool,Satin,65.37,20.01,-6.23,342.72,59.48,68.0
S190,IMG_190.png,Mauve,Neutral,Glossy,44.39,11.25,1.83,9.23,51.6,43.54
S191,IMG_191.png,Red,Cool,Matte,32.19,45.09,15.94,19.47,97.51,29.86
S192,IMG_192.png,Coral,Cool,Matte,62.5,29.56,16.98,29.88,76.2,64.18
S193,IMG_193.png,Pink,Cool,Satin,58.58,21.1,0.5,1.36,65.19,55.45
S194,IMG_194.png,Red,Cool,Glossy,42.81,35.12,11.9,18.72,84.65,44.43
S195,IMG_195.png,Plum,Warm,Matte,30.1,24.27,-9.32,338.99,62.78,30.42
S196,IMG_196.png,Mauve,Neutral,Satin,52.15,23.9,4.71,11.14,66.73,49.24
S197,IMG_197.png,Berry,Cool,Satin,28.71,39.73,-0.65,359.07,86.46,27.31
S198,IMG_198.png,Pink,Neutral,Satin,45.93,34.71,3.08,5.06,76.06,43.16
S199,IMG_199.png,Brown,Neutral,Satin,42.27,17.26,17.6,45.56,68.31,45.42
S200,IMG_200.png,Berry,Warm,Satin,48.8,44.32,-6.18,352.06,96.02,49.81
S201,IMG_201.png,Pink,Warm,Glossy,61.73,28.74,10.46,20.0,70.25,62.79
S202,IMG_202.png,Berry,Cool,Glossy,43.94,34.2,-4.31,352.82,81.73,46.3
S203,IMG_203.png,Red,Warm,Glossy,54.54,43.88,26.92,31.53,92.47,54.83
S204,IMG_204.png,Plum,Cool,Satin,41.51,21.17,-9.51,335.8,64.52,38.56
S205,IMG_205.png,Nude,Warm,Matte,65.89,8.54,20.79,67.67,70.57,65.53
S206,IMG_206.png,Berry,Warm,Glossy,49.64,40.68,0.69,0.97,76.92,50.41
S207,IMG_207.png,Coral,Warm,Glossy,72.32,32.5,31.86,44.43,96.02,70.93
S208,IMG_208.png,Plum,Neutral,Glossy,36.69,26.51,-8.45,342.32,62.61,36.96
S209,IMG_209.png,Berry,Warm,Matte,47.93,39.82,-3.51,354.97,76.47,45.88
S210,IMG_210.png,Mauve,Neutral,Satin,48.16,28.2,0.31,0.63,72.26,47.88
S211,IMG_211.png,Red,Cool,Satin,44.07,35.09,12.26,19.26,82.94,43.14
S212,IMG_212.png,Plum,Cool,Matte,36.22,24.36,-15.0,328.38,59.84,36.7
S213,IMG_213.png,Nude,Neutral,Satin,68.15,15.18,13.1,40.78,50.67,69.43
S214,IMG_214.png,Coral,Cool,Glossy,58.76,35.08,22.51,32.69,79.16,60.85
S215,IMG_215.png,Pink,Cool,Glossy,66.76,30.49,-1.6,356.99,73.95,66.84
S216,IMG_216.png,Pink,Warm,Satin,58.71,22.79,9.15,21.87,60.17,58.33
S217,IMG_217.png,Red,Cool,Matte,53.86,44.53,6.01,7.69,85.56,52.71
S218,IMG_218.png,Berry,Warm,Matte,47.36,34.13,-1.62,357.28,74.75,49.56
S219,IMG_219.png,Red,Neutral,Satin,38.82,42.35,12.12,15.97,84.57,37.56
S220,IMG_220.png,Coral,Cool,Satin,57.13,31.92,28.01,41.27,100.0,56.23
S221,IMG_221.png,Nude,Neutral,Satin,68.72,17.48,9.27,27.92,62.82,66.47
S222,IMG_222.png,Brown,Warm,Matte,40.57,2.82,15.55,79.73,63.45,42.79
S223,IMG_223.png,Coral,Cool,Matte,48.05,37.96,23.52,31.79,79.86,47.4
S224,IMG_224.png,Coral,Neutral,Matte,54.62,35.78,27.8,37.84,92.06,54.01
S225,IMG_225.png,Mauve,Warm,Matte,54.86,25.0,9.45,20.7,59.63,50.91
S226,IMG_226.png,Red,Cool,Matte,46.02,39.69,14.37,19.9,88.85,45.5
S227,IMG_227.png,Brown,Warm,Matte,43.87,10.6,23.57,65.78,76.22,42.12
S228,IMG_228.png,Berry,Warm,Satin,42.34,32.41,4.88,8.56,76.5,42.78
S229,IMG_229.png,Red,Warm,Matte,41.48,42.05,28.65,34.26,89.42,37.4
S230,IMG_230.png,Red,Warm,Satin,42.69,45.31,20.07,23.89,93.01,44.04
S231,IMG_231.png,Nude,Neutral,Matte,68.26,17.97,9.02,26.65,65.39,66.09
S232,IMG_232.png,Nude,Cool,Glossy,63.74,16.79,8.44,26.68,58.81,64.21
S233,IMG_233.png,Plum,Neutral,Satin,27.83,24.68,-15.0,328.71,75.42,31.45
S234,IMG_234.png,Pink,Neutral,Matte,64.35,37.11,5.72,8.76,81.81,60.33
S235,IMG_235.png,Coral,Neutral,Satin,48.63,40.71,33.12,39.13,93.82,46.36
S236,IMG_236.png,Orange,Cool,Matte,56.51,22.24,37.38,59.24,82.47,55.4
S237,IMG_237.png,Red,Warm,Matte,48.71,36.2,23.98,33.52,85.41,49.59
S238,IMG_238.png,Pink,Warm,Satin,63.31,15.41,19.03,50.99,63.85,65.36
S239,IMG_239.png,Coral,Warm,Matte,64.16,28.39,38.19,53.37,86.39,63.0
S240,IMG_240.png,Pink,Warm,Matte,64.39,21.4,12.69,30.67,73.84,61.69
S241,IMG_241.png,Plum,Neutral,Glossy,30.94,25.99,-14.37,331.06,73.15,28.48
S242,IMG_242.png,Berry,Warm,Matte,31.18,34.24,-4.19,353.02,87.95,31.3
S243,IMG_243.png,Pink,Neutral,Glossy,61.29,24.88,12.54,26.75,64.63,60.72
S244,IMG_244.png,Mauve,Cool,Glossy,48.16,23.65,-3.62,351.3,68.74,48.63
S245,IMG_245.png,Coral,Neutral,Satin,56.58,36.47,28.52,38.03,99.41,53.9
S246,IMG_246.png,Pink,Neutral,Matte,61.3,37.88,10.44,15.42,84.07,60.18
S247,IMG_247.png,Nude,Neutral,Satin,60.26,16.99,12.16,35.6,58.96,57.54
S248,IMG_248.png,Red,Warm,Glossy,46.39,46.83,21.86,25.03,98.37,46.21
S249,IMG_249.png,Mauve,Warm,Matte,48.0,27.17,7.94,16.29,76.75,47.82
S250,IMG_250.png,Plum,Neutral,Glossy,38.75,23.68,0.89,2.14,69.36,38.73
S251,IMG_251.png,Brown,Cool,Satin,36.04,17.91,13.87,37.76,60.97,36.3
S252,IMG_252.png,Plum,Neutral,Glossy,26.17,32.83,-15.0,335.44,80.73,25.21
S253,IMG_253.png,Plum,Cool,Matte,32.62,30.57,-9.72,342.37,80.27,30.63
S254,IMG_254.png,Plum,Cool,Matte,38.96,39.58,-15.0,339.25,81.59,40.28
S255,IMG_255.png,Mauve,Warm,Matte,56.6,18.88,11.99,32.42,66.43,57.77
S256,IMG_256.png,Pink,Warm,Satin,56.38,24.54,4.47,10.33,68.8,57.14
S257,IMG_257.png,Berry,Cool,Satin,41.81,40.65,-5.18,352.74,78.05,37.85
S258,IMG_258.png,Coral,Cool,Matte,54.56,31.57,23.9,37.13,72.78,52.73
S259,IMG_259.png,Mauve,Cool,Matte,52.95,30.11,2.36,4.49,70.89,51.69
S260,IMG_260.png,Nude,Warm,Satin,65.78,16.66,25.93,57.28,77.82,67.52
S261,IMG_261.png,Nude,Cool,Glossy,63.54,7.43,10.26,54.1,52.53,62.52
S262,IMG_262.png,Plum,Neutral,Glossy,30.21,31.06,-6.05,348.98,77.29,32.03
S263,IMG_263.png,Coral,Neutral,Satin,58.38,38.54,29.08,37.03,96.97,59.49
S264,IMG_264.png,Mauve,Neutral,Satin,52.41,24.86,3.97,9.06,78.72,51.36
S265,IMG_265.png,Coral,Warm,Matte,72.03,36.11,35.81,44.76,94.18,72.52
S266,IMG_266.png,Red,Cool,Glossy,52.55,41.53,13.76,18.34,90.09,51.12
S267,IMG_267.png,Mauve,Neutral,Glossy,49.81,25.64,2.68,5.97,72.01,48.12
S268,IMG_268.png,Nude,Warm,Glossy,65.61,17.66,17.54,44.81,63.66,64.56
S269,IMG_269.png,Brown,Warm,Satin,47.81,18.17,21.46,49.76,85.0,44.39
S270,IMG_270.png,Nude,Warm,Matte,56.9,10.61,17.45,58.7,64.14,57.0
S271,IMG_271.png,Coral,Cool,Matte,55.76,48.61,26.7,28.78,95.99,52.28
S272,IMG_272.png,Brown,Warm,Matte,37.19,25.05,22.23,41.58,72.19,35.19
S273,IMG_273.png,Coral,Neutral,Matte,56.92,38.07,26.92,35.27,87.22,55.84
S274,IMG_274.png,Mauve,Warm,Matte,55.63,30.4,8.08,14.88,76.79,56.85
S275,IMG_275.png,Brown,Warm,Glossy,47.75,23.89,14.3,30.9,70.69,47.55
S276,IMG_276.png,Red,Warm,Glossy,45.56,38.16,24.64,32.85,84.47,46.02
S277,IMG_277.png,Nude,Cool,Glossy,63.66,18.43,6.92,20.58,69.56,61.82
S278,IMG_278.png,Orange,Cool,Glossy,59.46,25.49,29.61,49.28,78.95,56.67
S279,IMG_279.png,Pink,Cool,Matte,50.51,26.28,2.08,4.52,63.81,50.34
S280,IMG_280.png,Mauve,Neutral,Satin,58.2,19.09,4.66,13.72,62.85,60.37
S281,IMG_281.png,Orange,Warm,Matte,60.83,29.03,43.83,56.48,100.0,60.4
S282,IMG_282.png,Plum,Neutral,Glossy,37.5,24.55,-4.84,348.84,72.07,37.75
S283,IMG_283.png,Red,Cool,Matte,41.72,32.08,20.29,32.32,87.28,42.27
S284,IMG_284.png,Plum,Neutral,Satin,39.18,41.39,-3.14,355.65,77.76,40.08
S285,IMG_285.png,Brown,Warm,Matte,46.99,19.64,35.04,60.73,81.65,46.38
S286,IMG_286.png,Nude,Cool,Glossy,45.42,13.83,11.87,40.64,69.72,45.45
S287,IMG_287.png,Plum,Cool,Glossy,36.68,36.84,-13.05,340.5,84.83,36.1
S288,IMG_288.png,Plum,Neutral,Matte,33.38,32.1,-1.71,356.95,81.06,33.4
S289,IMG_289.png,Berry,Cool,Glossy,50.82,38.85,-3.24,355.23,75.12,51.34
S290,IMG_290.png,Red,Cool,Matte,45.51,50.0,16.43,18.19,100.0,48.47
S291,IMG_291.png,Red,Neutral,Matte,49.87,37.15,17.12,24.74,81.54,52.87
S292,IMG_292.png,Brown,Neutral,Satin,43.73,14.81,16.99,48.91,58.87,39.36
S293,IMG_293.png,Coral,Cool,Matte,67.43,45.85,18.93,22.43,96.96,72.49
S294,IMG_294.png,Orange,Cool,Matte,57.67,25.58,39.33,56.95,90.41,57.44
S295,IMG_295.png,Berry,Warm,Satin,45.03,34.5,4.0,6.61,76.84,46.61
S296,IMG_296.png,Nude,Neutral,Matte,66.1,12.93,7.96,31.61,60.04,68.35
S297,IMG_297.png,Brown,Warm,Matte,30.04,16.54,16.42,44.79,63.43,29.67
S298,IMG_298.png,Brown,Neutral,Satin,37.32,19.9,17.41,41.17,65.59,35.59
S299,IMG_299.png,Brown,Cool,Satin,25.77,12.32,6.53,27.93,46.83,22.88
S300,IMG_300.png,Nude,Warm,Satin,57.53,12.84,25.4,63.19,62.0,56.97
S301,IMG_301.png,Mauve,Cool,Matte,58.8,35.53,-4.41,352.93,88.5,55.76
S302,IMG_302.png,Red,Neutral,Glossy,45.61,40.79,13.21,17.95,82.24,46.17
S303,IMG_303.png,Pink,Warm,Glossy,63.43,25.14,17.8,35.29,86.9,62.67
S304,IMG_304.png,Nude,Warm,Glossy,66.91,13.32,20.69,57.21,62.93,66.09
S305,IMG_305.png,Berry,Neutral,Satin,30.95,28.42,-8.3,343.72,66.0,30.64
S306,IMG_306.png,Orange,Cool,Satin,55.36,27.8,40.77,55.71,94.36,54.43
S307,IMG_307.png,Red,Warm,Glossy,39.55,42.18,13.04,17.18,92.38,38.99
S308,IMG_308.png,Pink,Warm,Satin,61.3,29.82,12.05,22.0,75.91,63.0
S309,IMG_309.png,Coral,Cool,Satin,57.99,42.08,20.89,26.41,87.87,60.17
S310,IMG_310.png,Red,Neutral,Satin,31.84,39.26,24.16,31.61,93.47,32.34
S311,IMG_311.png,Mauve,Cool,Satin,57.52,32.61,-0.23,359.6,74.33,56.31
S312,IMG_312.png,Coral,Cool,Satin,62.83,38.62,19.31,26.57,94.68,63.94
S313,IMG_313.png,Pink,Warm,Glossy,58.72,21.0,20.44,44.23,71.88,57.97
S314,IMG_314.png,Orange,Neutral,Matte,66.89,32.71,39.22,50.17,96.91,66.54
S315,IMG_315.png,Berry,Cool,Glossy,32.27,41.07,-5.6,352.24,87.64,31.63
S316,IMG_316.png,Pink,Neutral,Satin,57.08,28.44,18.1,32.48,68.41,58.08
S317,IMG_317.png,Nude,Warm,Glossy,49.49,17.95,18.57,45.98,72.61,52.36
S318,IMG_318.png,Red,Warm,Glossy,45.28,48.64,33.07,34.21,99.99,45.68
S319,IMG_319.png,Brown,Neutral,Matte,53.64,18.2,23.37,52.09,73.49,53.49
S320,IMG_320.png,Orange,Neutral,Satin,54.22,36.33,44.86,51.0,98.55,56.15
S321,IMG_321.png,Berry,Neutral,Glossy,47.97,38.41,5.05,7.49,84.17,49.21
S322,IMG_322.png,Brown,Warm,Glossy,42.82,18.56,12.22,33.36,70.64,43.39
S323,IMG_323.png,Red,Cool,Matte,53.47,41.56,15.79,20.81,84.42,51.48
S324,IMG_324.png,Orange,Warm,Matte,52.01,21.66,45.0,64.3,92.97,48.3
S325,IMG_325.png,Mauve,Neutral,Satin,47.37,33.29,-0.42,359.27,73.2,50.45
S326,IMG_326.png,Orange,Cool,Satin,59.07,36.77,39.97,47.39,99.53,59.25
S327,IMG_327.png,Pink,Neutral,Glossy,66.84,36.04,6.35,10.0,79.18,68.17
S328,IMG_328.png,Plum,Warm,Satin,34.47,25.15,-8.44,341.45,68.4,37.75
S329,IMG_329.png,Red,Neutral,Glossy,38.66,32.51,24.43,36.93,80.6,38.61
S330,IMG_330.png,Pink,Warm,Matte,54.3,29.1,14.03,25.73,72.03,53.6
S331,IMG_331.png,Mauve,Warm,Matte,49.6,23.64,6.39,15.13,70.4,52.47
S332,IMG_332.png,Brown,Cool,Satin,38.56,16.83,18.95,48.4,59.01,39.47
S333,IMG_333.png,Coral,Warm,Matte,53.86,30.57,33.19,47.35,88.44,56.43
S334,IMG_334.png,Pink,Warm,Glossy,53.81,29.68,12.52,22.87,80.21,54.8
S335,IMG_335.png,Orange,Neutral,Glossy,65.14,24.44,42.18,59.91,99.55,65.56
S336,IMG_336.png,Coral,Neutral,Glossy,40.83,39.51,27.43,34.77,92.66,42.24
S337,IMG_337.png,Pink,Neutral,Satin,60.41,30.57,8.81,16.07,80.2,58.23
S338,IMG_338.png,Brown,Neutral,Matte,29.59,15.9,13.07,39.43,60.79,27.78
S339,IMG_339.png,Coral,Warm,Matte,50.98,31.49,41.54,52.83,97.21,50.18
S340,IMG_340.png,Red,Neutral,Satin,59.75,48.96,13.74,15.67,99.17,58.09
S341,IMG_341.png,Mauve,Neutral,Satin,58.28,22.65,2.17,5.46,68.78,59.06
S342,IMG_342.png,Mauve,Cool,Satin,52.68,30.4,-9.6,342.46,76.72,54.18
S343,IMG_343.png,Orange,Warm,Glossy,56.8,34.45,41.35,50.21,90.09,60.3
S344,IMG_344.png,Nude,Neutral,Satin,67.81,18.88,14.78,38.05,65.56,66.95
S345,IMG_345.png,Coral,Cool,Satin,60.79,32.95,32.48,44.59,93.39,62.92
S346,IMG_346.png,Red,Cool,Satin,45.06,41.72,9.04,12.23,94.35,44.85
S347,IMG_347.png,Mauve,Neutral,Satin,56.05,27.8,1.71,3.52,73.51,54.77
S348,IMG_348.png,Plum,Neutral,Matte,40.25,25.09,-12.28,333.93,71.27,43.7
S349,IMG_349.png,Plum,Cool,Matte,31.58,26.83,-13.83,332.73,70.53,31.6
S350,IMG_350.png,Coral,Cool,Matte,62.68,41.76,29.11,34.87,97.49,64.03
S351,IMG_351.png,Red,Cool,Matte,56.05,50.0,2.74,3.14,90.51,58.01
S352,IMG_352.png,Nude,Cool,Satin,64.96,15.46,16.03,46.02,70.48,65.11
S353,IMG_353.png,Brown,Warm,Matte,44.39,11.68,13.52,49.18,56.55,45.96
S354,IMG_354.png,Orange,Neutral,Matte,68.59,36.84,39.22,46.79,95.08,71.74
S355,IMG_355.png,Coral,Cool,Satin,52.66,30.66,26.22,40.54,99.67,50.49
S356,IMG_356.png,Nude,Neutral,Matte,71.18,16.32,18.86,49.13,58.22,69.82
S357,IMG_357.png,Brown,Cool,Matte,26.54,8.39,10.47,51.3,56.74,27.15
S358,IMG_358.png,Nude,Neutral,Satin,68.84,15.99,17.52,47.61,68.65,69.13
S359,IMG_359.png,Coral,Neutral,Matte,60.53,37.53,24.68,33.33,86.1,58.11
S360,IMG_360.png,Plum,Neutral,Matte,29.82,34.04,-10.8,342.4,72.25,31.87
S361,IMG_361.png,Mauve,Neutral,Matte,58.86,25.1,-3.0,353.19,70.53,57.89
S362,IMG_362.png,Coral,Warm,Glossy,44.59,39.79,42.75,47.06,100.0,42.55
S363,IMG_363.png,Coral,Neutral,Matte,50.36,34.78,24.62,35.29,91.36,51.96
S364,IMG_364.png,Nude,Neutral,Satin,60.13,12.27,20.35,58.91,72.03,62.24
S365,IMG_365.png,Orange,Cool,Satin,68.53,27.99,31.69,48.55,92.84,68.58
S366,IMG_366.png,Orange,Cool,Glossy,61.36,38.0,34.57,42.29,100.0,59.02
S367,IMG_367.png,Orange,Cool,Matte,44.9,19.36,29.34,56.58,79.23,45.27
S368,IMG_368.png,Mauve,Warm,Satin,51.84,26.52,2.59,5.57,61.31,54.66
S369,IMG_369.png,Pink,Neutral,Matte,66.17,29.73,7.85,14.78,70.91,66.41
S370,IMG_370.png,Brown,Neutral,Satin,31.93,11.08,15.37,54.22,57.8,36.53
S371,IMG_371.png,Pink,Cool,Satin,61.56,23.39,3.01,7.32,73.87,62.0
S372,IMG_372.png,Berry,Neutral,Satin,51.76,37.7,9.95,14.78,80.47,50.23
S373,IMG_373.png,Orange,Warm,Satin,58.0,36.25,45.0,51.15,95.82,57.46
S374,IMG_374.png,Pink,Neutral,Satin,66.36,28.65,11.7,22.21,85.84,65.66
S375,IMG_375.png,Mauve,Warm,Matte,48.6,21.85,14.88,34.26,58.85,46.15
S376,IMG_376.png,Berry,Neutral,Matte,37.43,37.15,-1.93,357.02,84.6,34.71
S377,IMG_377.png,Nude,Warm,Satin,65.43,9.85,20.72,64.57,67.67,65.71
S378,IMG_378.png,Plum,Cool,Satin,34.57,36.3,-11.39,342.58,79.39,34.97
S379,IMG_379.png,Plum,Cool,Matte,40.33,37.12,-5.99,350.84,76.84,40.18
S380,IMG_380.png,Mauve,Warm,Glossy,49.35,22.63,1.86,4.69,70.87,49.75
S381,IMG_381.png,Orange,Cool,Satin,60.02,31.28,33.2,46.7,85.95,61.74
S382,IMG_382.png,Berry,Neutral,Satin,46.62,44.34,-6.29,351.93,89.21,43.17
S383,IMG_383.png,Mauve,Cool,Matte,45.35,26.15,-6.19,346.68,73.25,43.02
S384,IMG_384.png,Red,Warm,Matte,50.82,48.19,17.16,19.6,92.35,54.47
S385,IMG_385.png,Berry,Warm,Satin,54.08,40.96,-4.88,353.21,89.28,56.18
S386,IMG_386.png,Orange,Cool,Satin,64.55,30.66,28.66,43.07,87.34,66.98
S387,IMG_387.png,Plum,Warm,Matte,39.49,26.67,-4.0,351.47,63.42,40.16
S388,IMG_388.png,Brown,Neutral,Satin,43.28,16.21,18.78,49.2,67.08,44.1
S389,IMG_389.png,Berry,Neutral,Glossy,37.98,38.26,-5.12,352.38,79.83,35.73
S390,IMG_390.png,Plum,Neutral,Satin,38.22,39.86,-8.95,347.35,100.0,37.77
S391,IMG_391.png,Berry,Neutral,Matte,47.01,37.43,6.88,10.42,83.06,47.55
S392,IMG_392.png,Mauve,Neutral,Matte,51.2,21.96,-0.88,357.7,77.53,50.67
S393,IMG_393.png,Red,Cool,Matte,48.28,44.77,17.77,21.65,94.69,46.53
S394,IMG_394.png,Nude,Warm,Matte,54.87,21.32,25.45,50.05,76.72,56.42
S395,IMG_395.png,Pink,Neutral,Matte,63.76,31.9,3.06,5.49,67.76,62.34
S396,IMG_396.png,Plum,Neutral,Matte,26.79,25.09,-11.62,335.16,68.63,24.07
S397,IMG_397.png,Nude,Cool,Satin,54.92,15.42,16.32,46.62,63.67,56.97
S398,IMG_398.png,Mauve,Warm,Glossy,58.98,23.47,11.05,25.21,66.82,59.94
S399,IMG_399.png,Nude,Cool,Matte,62.25,15.69,17.07,47.41,70.59,63.18
S400,IMG_400.png,Mauve,Warm,Satin,65.4,30.01,15.92,27.94,69.06,61.72
S401,IMG_401.png,Pink,Warm,Matte,59.62,33.08,2.86,4.95,84.07,57.47
S402,IMG_402.png,Nude,Warm,Glossy,65.27,21.49,22.03,45.71,68.09,67.5
S403,IMG_403.png,Nude,Cool,Matte,64.91,17.68,6.76,20.92,65.19,65.28
S404,IMG_404.png,Nude,Warm,Satin,53.57,20.83,16.28,38.01,65.84,56.86
S405,IMG_405.png,Pink,Neutral,Glossy,53.45,31.65,16.06,26.9,76.59,54.24
S406,IMG_406.png,Red,Cool,Satin,43.12,37.91,17.54,24.83,85.06,42.37
S407,IMG_407.png,Coral,Cool,Matte,45.34,34.17,21.6,32.3,88.31,44.23
S408,IMG_408.png,Pink,Cool,Matte,66.05,23.21,9.71,22.72,62.53,65.62
S409,IMG_409.png,Red,Neutral,Glossy,41.5,45.1,20.21,24.14,94.06,40.62
S410,IMG_410.png,Pink,Cool,Glossy,72.37,34.7,6.55,10.69,81.42,73.34
S411,IMG_411.png,Coral,Warm,Satin,54.96,41.24,29.82,35.87,100.0,56.69
S412,IMG_412.png,Pink,Cool,Satin,66.81,33.87,-5.49,350.79,78.57,68.37
S413,IMG_413.png,Coral,Neutral,Glossy,58.38,34.63,26.69,37.63,88.19,58.32
S414,IMG_414.png,Berry,Cool,Satin,42.34,36.59,-6.73,349.58,75.53,39.08
S415,IMG_415.png,Nude,Cool,Glossy,66.69,8.66,10.83,51.34,56.14,67.77
S416,IMG_416.png,Berry,Cool,Glossy,44.52,42.13,-10.82,345.6,74.33,43.28
S417,IMG_417.png,Pink,Neutral,Matte,59.66,18.7,9.08,25.89,58.23,60.64
S418,IMG_418.png,Orange,Neutral,Glossy,58.3,31.52,38.62,50.79,93.56,55.23
S419,IMG_419.png,Nude,Neutral,Matte,58.35,19.13,14.6,37.36,61.65,57.79
S420,IMG_420.png,Brown,Cool,Satin,51.27,11.66,12.19,46.29,58.44,50.27
S421,IMG_421.png,Nude,Cool,Matte,51.64,12.02,6.0,26.53,57.79,49.83
S422,IMG_422.png,Orange,Neutral,Glossy,57.03,31.99,42.12,52.78,94.62,59.14
S423,IMG_423.png,Nude,Neutral,Satin,72.03,18.47,15.8,40.55,55.76,67.98
S424,IMG_424.png,Berry,Cool,Glossy,35.36,38.33,-7.7,348.65,83.68,37.82
S425,IMG_425.png,Red,Neutral,Satin,39.13,50.0,19.88,21.68,100.0,40.18
S426,IMG_426.png,Nude,Warm,Satin,52.37,23.02,20.07,41.09,67.2,53.42
S427,IMG_427.png,Nude,Warm,Satin,73.55,25.91,20.76,38.7,74.66,75.76
S428,IMG_428.png,Coral,Cool,Glossy,63.87,35.31,23.44,33.58,90.14,67.75
S429,IMG_429.png,Mauve,Cool,Satin,53.42,20.28,-2.86,351.98,63.04,50.59
S430,IMG_430.png,Berry,Neutral,Satin,44.95,48.32,4.81,5.69,83.93,47.79
S431,IMG_431.png,Orange,Neutral,Satin,66.57,32.75,31.45,43.84,93.0,62.3
S432,IMG_432.png,Coral,Neutral,Satin,58.11,35.51,32.45,42.42,97.78,60.73
S433,IMG_433.png,Berry,Neutral,Glossy,43.59,38.45,-3.19,355.26,76.38,41.68
S434,IMG_434.png,Berry,Neutral,Matte,50.64,37.79,3.02,4.57,87.1,50.18
S435,IMG_435.png,Orange,Neutral,Satin,63.82,24.05,38.81,58.22,98.46,63.45
S436,IMG_436.png,Berry,Cool,Glossy,35.78,40.55,-11.19,344.57,91.65,36.49
S437,IMG_437.png,Mauve,Cool,Matte,52.08,28.28,-2.66,354.63,69.69,48.9
S438,IMG_438.png,Red,Cool,Matte,47.31,35.38,3.85,6.21,86.96,46.93
S439,IMG_439.png,Red,Cool,Matte,36.99,46.69,12.07,14.5,88.97,37.34
S440,IMG_440.png,Red,Neutral,Glossy,47.43,40.67,14.75,19.94,95.62,49.53
S441,IMG_441.png,Coral,Neutral,Satin,50.89,43.17,19.48,24.29,96.73,50.39
S442,IMG_442.png,Orange,Cool,Matte,63.49,25.87,35.81,54.16,82.31,63.15
S443,IMG_443.png,Mauve,Warm,Matte,44.86,27.45,10.84,21.55,76.39,45.58
S444,IMG_444.png,Mauve,Neutral,Glossy,48.35,15.51,4.7,16.85,58.76,49.46
S445,IMG_445.png,Red,Neutral,Matte,45.47,41.69,19.55,25.12,100.0,43.42
S446,IMG_446.png,Mauve,Cool,Matte,48.72,24.75,4.88,11.15,69.99,47.96
S447,IMG_447.png,Nude,Cool,Satin,51.35,22.98,17.1,36.66,64.56,54.27
S448,IMG_448.png,Brown,Neutral,Matte,30.11,22.34,19.93,41.74,72.74,31.4
S449,IMG_449.png,Mauve,Cool,Matte,40.88,29.31,6.65,12.79,74.8,40.35
S450,IMG_450.png,Mauve,Neutral,Satin,46.7,30.26,2.68,5.06,83.53,46.79
S451,IMG_451.png,Berry,Warm,Satin,46.36,43.95,-0.07,359.91,87.49,43.78
S452,IMG_452.png,Berry,Neutral,Glossy,43.42,31.27,-9.78,342.63,84.36,43.24
S453,IMG_453.png,Coral,Warm,Satin,66.54,36.03,38.11,46.6,100.0,67.05
S454,IMG_454.png,Plum,Neutral,Matte,38.74,31.74,-9.16,343.89,85.92,36.93
S455,IMG_455.png,Pink,Warm,Matte,57.42,31.57,11.41,19.87,76.98,55.22
S456,IMG_456.png,Mauve,Neutral,Matte,54.93,27.63,5.84,11.92,61.4,52.21
S457,IMG_457.png,Red,Cool,Matte,40.88,42.4,9.52,12.66,88.48,39.98
S458,IMG_458.png,Nude,Warm,Satin,54.72,18.14,34.65,62.37,86.62,54.55
S459,IMG_459.png,Nude,Cool,Glossy,57.26,12.5,8.53,34.31,50.52,57.16
S460,IMG_460.png,Plum,Neutral,Satin,30.31,32.61,-9.16,344.31,76.37,31.51
S461,IMG_461.png,Pink,Neutral,Satin,64.01,29.26,8.4,16.02,69.58,62.29
S462,IMG_462.png,Orange,Cool,Matte,62.73,31.4,31.55,45.13,93.64,64.55
S463,IMG_463.png,Berry,Neutral,Matte,45.79,39.41,-0.76,358.89,79.68,47.2
S464,IMG_464.png,Pink,Warm,Satin,60.43,27.77,11.17,21.92,69.56,59.48
S465,IMG_465.png,Pink,Warm,Satin,63.79,44.0,10.52,13.44,94.26,62.34
S466,IMG_466.png,Mauve,Warm,Matte,48.21,24.11,12.0,26.46,67.14,47.81
S467,IMG_467.png,Red,Warm,Matte,42.34,45.8,23.35,27.01,96.22,44.67
S468,IMG_468.png,Brown,Cool,Glossy,45.57,18.75,9.45,26.75,65.2,46.66
S469,IMG_469.png,Nude,Warm,Matte,64.76,15.64,10.91,34.88,51.72,62.87
S470,IMG_470.png,Red,Cool,Matte,37.71,40.35,11.45,15.84,83.68,36.75
S471,IMG_471.png,Red,Warm,Satin,36.14,41.14,15.95,21.19,92.74,36.04
S472,IMG_472.png,Brown,Cool,Satin,38.68,16.51,15.81,43.77,60.99,38.99
S473,IMG_473.png,Berry,Cool,Matte,40.17,35.37,-7.1,348.65,77.56,38.71
S474,IMG_474.png,Pink,Warm,Satin,69.36,28.5,19.12,33.86,77.43,68.94
S475,IMG_475.png,Pink,Neutral,Satin,61.39,31.18,2.37,4.35,69.56,65.67
S476,IMG_476.png,Mauve,Warm,Matte,60.59,26.41,8.59,18.01,68.95,60.25
S477,IMG_477.png,Berry,Neutral,Matte,53.1,38.43,-13.67,340.42,84.4,58.58
S478,IMG_478.png,Orange,Cool,Matte,63.55,26.29,28.34,47.15,82.98,59.8
S479,IMG_479.png,Brown,Warm,Matte,42.37,8.93,25.15,70.45,77.56,38.94
S480,IMG_480.png,Nude,Warm,Glossy,71.99,17.58,21.46,50.69,65.38,71.01
S481,IMG_481.png,Plum,Cool,Satin,32.58,24.38,-13.17,331.62,71.97,31.6
S482,IMG_482.png,Red,Cool,Matte,52.41,38.22,13.81,19.87,82.64,51.89
S483,IMG_483.png,Orange,Neutral,Matte,45.96,24.72,41.14,59.0,84.8,43.23
S484,IMG_484.png,Red,Warm,Glossy,46.93,45.21,24.5,28.45,95.41,43.69
S485,IMG_485.png,Berry,Neutral,Matte,35.76,30.52,4.76,8.87,86.09,34.8
S486,IMG_486.png,Coral,Cool,Satin,56.54,36.42,21.42,30.47,88.45,57.18
S487,IMG_487.png,Coral,Neutral,Satin,58.08,42.44,31.95,36.97,91.33,55.21
S488,IMG_488.png,Nude,Cool,Matte,66.53,17.76,16.24,42.44,67.51,68.93
S489,IMG_489.png,Orange,Neutral,Matte,60.69,28.48,33.81,49.89,92.14,63.17
S490,IMG_490.png,Plum,Neutral,Glossy,23.18,29.72,-8.2,344.58,70.28,27.95
S491,IMG_491.png,Coral,Cool,Matte,63.93,27.99,18.86,33.97,73.98,62.27
S492,IMG_492.png,Mauve,Warm,Glossy,55.1,22.72,7.8,18.95,61.46,53.01
S493,IMG_493.png,Brown,Neutral,Matte,41.32,16.17,24.5,56.57,68.95,41.91
S494,IMG_494.png,Pink,Neutral,Satin,64.47,33.88,9.64,15.88,77.46,63.75
S495,IMG_495.png,Red,Cool,Satin,38.26,44.2,20.43,24.81,94.98,36.19
S496,IMG_496.png,Orange,Neutral,Satin,63.61,26.61,43.06,58.29,94.45,62.31
S497,IMG_497.png,Red,Cool,Matte,46.64,50.0,18.62,20.43,97.1,47.58
S498,IMG_498.png,Pink,Neutral,Matte,62.17,31.28,11.43,20.08,85.25,62.51
S499,IMG_499.png,Coral,Neutral,Glossy,56.07,38.03,28.98,37.31,94.4,53.36
S500,IMG_500.png,Coral,Warm,Matte,52.21,34.78,37.61,47.24,97.33,49.76
